,Unnamed: 0,mixer0.state_emptying_tank_B201.active,mixer0.state_emptying_tank_B202.active,mixer0.state_emptying_tank_B203.active,mixer0.state_emptying_tank_B204.active,mixer0.state_filling_tank_B201.active,mixer0.state_filling_tank_B202.active,mixer0.state_filling_tank_B203.active,mixer0.state_initialStep.active,mixer0.tank_B201.level,mixer0.tank_B202.level,mixer0.tank_B203.level,mixer0.tank_B204.level,mixer0.sensor_continuous_pressure_tank_B201.p,mixer0.sensor_continuous_pressure_tank_B202.p,mixer0.sensor_continuous_pressure_tank_B203.p,mixer0.sensor_continuous_pressure_tank_B204.p,mixer0.sensor_continuous_volumeFlowRate.V_flow,mixer0.sensor_continuous_volumeFlowRate.port_a.m_flow,mixer0.sensor_continuous_volumeFlowRate.port_b.m_flow,mixer0.pump_P101.N_in,mixer0.pump_n_in,mixer0.sensor_discrete_tank_B201_high.showActive,mixer0.sensor_discrete_tank_B201_low.showActive,mixer0.sensor_discrete_tank_B201_medium.showActive,mixer0.sensor_discrete_tank_B202_high.showActive,mixer0.sensor_discrete_tank_B202_low.showActive,mixer0.sensor_discrete_tank_B202_medium.showActive,mixer0.sensor_discrete_tank_B203_high.showActive,mixer0.sensor_discrete_tank_B203_low.showActive,mixer0.sensor_discrete_tank_B203_medium.showActive,mixer0.sensor_discrete_tank_B204_high.showActive,mixer0.sensor_discrete_tank_B204_low.showActive,mixer0.sensor_discrete_tank_B204_medium.showActive,mixer0.clogging_valve.opening,mixer0.leaking_valve.opening,mixer0.valve_in0.opening,mixer0.valve_in1.opening,mixer0.valve_in2.opening,mixer0.valve_out.opening,mixer0.valve_pump_tank_B201.opening,mixer0.valve_pump_tank_B202.opening,mixer0.valve_pump_tank_B203.opening,mixer0.valve_pump_tank_B204.opening
0,0,0,0,0,0,1,0,0,0,0.02,0.02,0.02,0.01,100185.9910934541,100185.9910934541,100185.9910934541,100088.1010442677,0.0,0.0,0.0,0.0,0,0,0,0,0,0,0,0,0,0,0,0,0,1,0,1,0,0,0,0,0,0,0
1,1,0,0,0,0,1,0,0,0,0.02,0.02,0.02,0.01,100185.9910913791,100185.9910913791,100185.9910913791,100088.1010442677,0.0,0.0,0.0,0.0,0,0,0,0,0,0,0,0,0,0,0,0,0,1,0,1,0,0,0,0,0,0,0
2,2,0,0,0,0,1,0,0,0,0.02,0.02,0.02,0.01,100185.9910913791,100185.9910913791,100185.9910913791,100088.1010442677,0.0,0.0,0.0,0.0,0,0,0,0,0,0,0,0,0,0,0,0,0,1,0,1,0,0,0,0,0,0,0
3,3,0,0,0,0,1,0,0,0,0.0207008944334493,0.02,0.02,0.01,100193.4905837959,100185.9910913801,100185.9910913801,100088.1010442677,0.0,0.0,0.0,-1.336420650152943e-17,0,0,0,0,0,0,0,0,0,0,0,0,0,1,0,1,0,0,0,0,0,0,0
4,4,0,0,0,0,1,0,0,0,0.0207008944334493,0.02,0.02,0.01,100193.4905837959,100185.9910913801,100185.9910913801,100088.1010442677,0.0,0.0,0.0,-1.336420650152943e-17,0,0,0,0,0,0,0,0,0,0,0,0,0,1,0,1,0,0,0,0,0,0,0
5,5,0,0,0,0,1,0,0,0,0.0214017968989173,0.02,0.02,0.01,100199.699267046,100185.9910913801,100185.9910913801,100088.1010442677,0.0,0.0,0.0,-5.195699704694354e-18,0,0,0,0,0,0,0,0,0,0,0,0,0,1,0,1,0,0,0,0,0,0,0
6,6,0,0,0,0,1,0,0,0,0.0214017968989173,0.02,0.02,0.01,100199.699267046,100185.9910913801,100185.9910913801,100088.1010442677,0.0,0.0,0.0,-5.195699704694354e-18,0,0,0,0,0,0,0,0,0,0,0,0,0,1,0,1,0,0,0,0,0,0,0
7,7,0,0,0,0,1,0,0,0,0.0220000001022,0.02,0.02,0.01,100205.5488783824,100185.9910913801,100185.9910913801,100088.1010442677,0.0,0.0,0.0,-2.369118659868385e-18,0,0,0,0,0,0,0,0,0,0,0,0,0,1,0,1,0,0,0,0,0,0,0
8,8,0,0,0,0,1,0,0,0,0.0220000001022,0.02,0.02,0.01,100205.5488783824,100185.9910913801,100185.9910913801,100088.1010442677,0.0,0.0,0.0,-2.369118659868385e-18,0,0,1,0,0,0,0,0,0,0,0,0,0,1,0,1,0,0,0,0,0,0,0
9,9,0,0,0,0,1,0,0,0,0.0221027071960324,0.02,0.02,0.01,100206.5531965707,100185.9910913801,100185.9910913801,100088.1010442677,0.0,0.0,0.0,-2.053554366712849e-18,0,0,1,0,0,0,0,0,0,0,0,0,0,1,0,1,0,0,0,0,0,0,0
10,10,0,0,0,0,1,0,0,0,0.0221027071960324,0.02,0.02,0.01,100206.5531965707,100185.9910913801,100185.9910913801,100088.1010442677,0.0,0.0,0.0,-2.053554366712849e-18,0,0,1,0,0,0,0,0,0,0,0,0,0,1,0,1,0,0,0,0,0,0,0
11,11,0,0,0,0,1,0,0,0,0.0228036247258458,0.02,0.02,0.01,100213.4070238368,100185.9910913801,100185.9910913801,100088.1010442677,0.0,0.0,0.0,-8.252798276903824e-19,0,0,1,0,0,0,0,0,0,0,0,0,0,1,0,1,0,0,0,0,0,0,0
12,12,0,0,0,0,1,0,0,0,0.0228036247258458,0.02,0.02,0.01,100213.4070238368,100185.9910913801,100185.9910913801,100088.1010442677,0.0,0.0,0.0,-8.252798276903824e-19,0,0,1,0,0,0,0,0,0,0,0,0,0,1,0,1,0,0,0,0,0,0,0
13,13,0,0,0,0,1,0,0,0,0.0235045488346191,0.02,0.02,0.01,100220.2607527892,100185.9910913801,100185.9910913801,100088.1010442677,0.0,0.0,0.0,-3.315368324941046e-19,0,0,1,0,0,0,0,0,0,0,0,0,0,1,0,1,0,0,0,0,0,0,0
14,14,0,0,0,0,1,0,0,0,0.0235045488346191,0.02,0.02,0.01,100220.2607527892,100185.9910913801,100185.9910913801,100088.1010442677,0.0,0.0,0.0,-3.315368324941046e-19,0,0,1,0,0,0,0,0,0,0,0,0,0,1,0,1,0,0,0,0,0,0,0
15,15,0,0,0,0,1,0,0,0,0.0242054790655996,0.02,0.02,0.01,100227.1143888658,100185.9910913801,100185.9910913801,100088.1010442677,0.0,0.0,0.0,-1.330758746458528e-19,0,0,1,0,0,0,0,0,0,0,0,0,0,1,0,1,0,0,0,0,0,0,0
16,16,0,0,0,0,1,0,0,0,0.0242054790655996,0.02,0.02,0.01,100227.1143888658,100185.9910913801,100185.9910913801,100088.1010442677,0.0,0.0,0.0,-1.330758746458528e-19,0,0,1,0,0,0,0,0,0,0,0,0,0,1,0,1,0,0,0,0,0,0,0
17,17,0,0,0,0,1,0,0,0,0.0249064150442922,0.02,0.02,0.01,100233.9679397416,100185.9910913801,100185.9910913801,100088.1010442677,0.0,0.0,0.0,-5.43396276347006e-20,0,0,1,0,0,0,0,0,0,0,0,0,0,1,0,1,0,0,0,0,0,0,0
18,18,0,0,0,0,1,0,0,0,0.0249064150442922,0.02,0.02,0.01,100233.9679397416,100185.9910913801,100185.9910913801,100088.1010442677,0.0,0.0,0.0,-5.43396276347006e-20,0,0,1,0,0,0,0,0,0,0,0,0,0,1,0,1,0,0,0,0,0,0,0
19,19,0,0,0,0,1,0,0,0,0.0256073563467172,0.02,0.02,0.01,100240.8214074455,100185.9910913801,100185.9910913801,100088.1010442677,0.0,0.0,0.0,-2.196343063208995e-20,0,0,1,0,0,0,0,0,0,0,0,0,0,1,0,1,0,0,0,0,0,0,0
20,20,0,0,0,0,1,0,0,0,0.0256073563467172,0.02,0.02,0.01,100240.8214074455,100185.9910913801,100185.9910913801,100088.1010442677,0.0,0.0,0.0,-2.196343063208995e-20,0,0,1,0,0,0,0,0,0,0,0,0,0,1,0,1,0,0,0,0,0,0,0
21,21,0,0,0,0,1,0,0,0,0.0263083026274116,0.02,0.02,0.01,100247.6747963834,100185.9910913801,100185.9910913801,100088.1010442677,0.0,0.0,0.0,-8.87746185134403e-21,0,0,1,0,0,0,0,0,0,0,0,0,0,1,0,1,0,0,0,0,0,0,0
22,22,0,0,0,0,1,0,0,0,0.0263083026274116,0.02,0.02,0.01,100247.6747963834,100185.9910913801,100185.9910913801,100088.1010442677,0.0,0.0,0.0,-8.87746185134403e-21,0,0,1,0,0,0,0,0,0,0,0,0,0,1,0,1,0,0,0,0,0,0,0
23,23,0,0,0,0,1,0,0,0,0.0270092535702673,0.02,0.02,0.01,100254.5281106685,100185.9910913801,100185.9910913801,100088.1010442677,0.0,0.0,0.0,-3.588133170019531e-21,0,0,1,0,0,0,0,0,0,0,0,0,0,1,0,1,0,0,0,0,0,0,0
24,24,0,0,0,0,1,0,0,0,0.0270092535702673,0.02,0.02,0.01,100254.5281106685,100185.9910913801,100185.9910913801,100088.1010442677,0.0,0.0,0.0,-3.588133170019531e-21,0,0,1,0,0,0,0,0,0,0,0,0,0,1,0,1,0,0,0,0,0,0,0
25,25,0,0,0,0,1,0,0,0,0.0270092535702673,0.02,0.02,0.01,100254.5281106685,100185.9910913801,100185.9910913801,100088.1010442677,0.0,0.0,0.0,-3.588133170019531e-21,0,0,1,0,0,0,0,0,0,0,0,0,0,1,0,1,0,0,0,0,0,0,0
0,0,0,0,0,0,1,0,0,0,0.0270092535702673,0.02,0.02,0.01,100254.6047111294,100185.9910934541,100185.9910934541,100088.1010442677,0.0,0.0,0.0,0.0,0,0,1,0,0,0,0,0,0,0,0,0,0,1,0,1,0,0,0,0,0,0,0
1,1,0,0,0,0,1,0,0,0,0.0270092535702673,0.02,0.02,0.01,100254.6047090544,100185.9910913791,100185.9910913791,100088.1010442677,0.0,0.0,0.0,0.0,0,0,1,0,0,0,0,0,0,0,0,0,0,1,0,1,0,0,0,0,0,0,0
2,2,0,0,0,0,1,0,0,0,0.0270092535702673,0.02,0.02,0.01,100254.6047090544,100185.9910913791,100185.9910913791,100088.1010442677,0.0,0.0,0.0,0.0,0,0,1,0,0,0,0,0,0,0,0,0,0,1,0,1,0,0,0,0,0,0,0
3,3,0,0,0,0,1,0,0,0,0.0277101469670528,0.02,0.02,0.01,100261.8697912253,100185.9910913801,100185.9910913801,100088.1010442677,0.0,0.0,0.0,-7.068050412576395e-17,0,0,1,0,0,0,0,0,0,0,0,0,0,1,0,1,0,0,0,0,0,0,0
4,4,0,0,0,0,1,0,0,0,0.0277101469670528,0.02,0.02,0.01,100261.8697912253,100185.9910913801,100185.9910913801,100088.1010442677,0.0,0.0,0.0,-7.068050412576395e-17,0,0,1,0,0,0,0,0,0,0,0,0,0,1,0,1,0,0,0,0,0,0,0
5,5,0,0,0,0,1,0,0,0,0.028411047165591,0.02,0.02,0.01,100268.3118003084,100185.9910913801,100185.9910913801,100088.1010442677,0.0,0.0,0.0,-2.856841690331408e-17,0,0,1,0,0,0,0,0,0,0,0,0,0,1,0,1,0,0,0,0,0,0,0
6,6,0,0,0,0,1,0,0,0,0.028411047165591,0.02,0.02,0.01,100268.3118003084,100185.9910913801,100185.9910913801,100088.1010442677,0.0,0.0,0.0,-2.856841690331408e-17,0,0,1,0,0,0,0,0,0,0,0,0,0,1,0,1,0,0,0,0,0,0,0
7,7,0,0,0,0,1,0,0,0,0.0291119536340853,0.02,0.02,0.01,100275.1652395602,100185.9910913801,100185.9910913801,100088.1010442677,0.0,0.0,0.0,-1.1547094547295109e-17,0,0,1,0,0,0,0,0,0,0,0,0,0,1,0,1,0,0,0,0,0,0,0
8,8,0,0,0,0,1,0,0,0,0.0291119536340853,0.02,0.02,0.01,100275.1652395602,100185.9910913801,100185.9910913801,100088.1010442677,0.0,0.0,0.0,-1.1547094547295109e-17,0,0,1,0,0,0,0,0,0,0,0,0,0,1,0,1,0,0,0,0,0,0,0
9,9,0,0,0,0,1,0,0,0,0.0298128660022283,0.02,0.02,0.01,100282.0186104034,100185.9910913801,100185.9910913801,100088.1010442677,0.0,0.0,0.0,-4.667452727564448e-18,0,0,1,0,0,0,0,0,0,0,0,0,0,1,0,1,0,0,0,0,0,0,0
10,10,0,0,0,0,1,0,0,0,0.0298128660022283,0.02,0.02,0.01,100282.0186104034,100185.9910913801,100185.9910913801,100088.1010442677,0.0,0.0,0.0,-4.667452727564448e-18,0,0,1,0,0,0,0,0,0,0,0,0,0,1,0,1,0,0,0,0,0,0,0
11,11,0,0,0,0,1,0,0,0,0.0305137839285593,0.02,0.02,0.01,100288.8719161062,100185.9910913801,100185.9910913801,100088.1010442677,0.0,0.0,0.0,-1.886586809901705e-18,0,0,1,0,0,0,0,0,0,0,0,0,0,1,0,1,0,0,0,0,0,0,0
12,12,0,0,0,0,1,0,0,0,0.0305137839285593,0.02,0.02,0.01,100288.8719161062,100185.9910913801,100185.9910913801,100088.1010442677,0.0,0.0,0.0,-1.886586809901705e-18,0,0,1,0,0,0,0,0,0,0,0,0,0,1,0,1,0,0,0,0,0,0,0
13,13,0,0,0,0,1,0,0,0,0.0312147070971504,0.02,0.02,0.01,100295.725159583,100185.9910913801,100185.9910913801,100088.1010442677,0.0,0.0,0.0,-7.6254117327834945e-19,0,0,1,0,0,0,0,0,0,0,0,0,0,1,0,1,0,0,0,0,0,0,0
14,14,0,0,0,0,1,0,0,0,0.0312147070971504,0.02,0.02,0.01,100295.725159583,100185.9910913801,100185.9910913801,100088.1010442677,0.0,0.0,0.0,-7.6254117327834945e-19,0,0,1,0,0,0,0,0,0,0,0,0,0,1,0,1,0,0,0,0,0,0,0
15,15,0,0,0,0,1,0,0,0,0.0319156352158559,0.02,0.02,0.01,100302.5783435898,100185.9910913801,100185.9910913801,100088.1010442677,0.0,0.0,0.0,-3.08212018428599e-19,0,0,1,0,0,0,0,0,0,0,0,0,0,1,0,1,0,0,0,0,0,0,0
16,16,0,0,0,0,1,0,0,0,0.0319156352158559,0.02,0.02,0.01,100302.5783435898,100185.9910913801,100185.9910913801,100088.1010442677,0.0,0.0,0.0,-3.08212018428599e-19,0,0,1,0,0,0,0,0,0,0,0,0,0,1,0,1,0,0,0,0,0,0,0
17,17,0,0,0,0,1,0,0,0,0.0326165680137985,0.02,0.02,0.01,100309.4314707302,100185.9910913801,100185.9910913801,100088.1010442677,0.0,0.0,0.0,-1.245765394944949e-19,0,0,1,0,0,0,0,0,0,0,0,0,0,1,0,1,0,0,0,0,0,0,0
18,18,0,0,0,0,1,0,0,0,0.0326165680137985,0.02,0.02,0.01,100309.4314707302,100185.9910913801,100185.9910913801,100088.1010442677,0.0,0.0,0.0,-1.245765394944949e-19,0,0,1,0,0,0,0,0,0,0,0,0,0,1,0,1,0,0,0,0,0,0,0
19,19,0,0,0,0,1,0,0,0,0.0330000001033,0.02,0.02,0.01,100313.1803014641,100185.9910913801,100185.9910913801,100088.1010442677,0.0,0.0,0.0,-7.54204693295219e-20,0,0,1,0,0,0,0,0,0,0,0,0,0,1,0,1,0,0,0,0,0,0,0
20,20,0,0,0,0,0,1,0,0,0.0330000001033,0.02,0.02,0.01,100313.1803014641,100185.9910913801,100185.9910913801,100088.1010442677,0.0,0.0,0.0,-7.54204693295219e-20,0,0,1,0,0,0,0,0,0,0,0,0,0,1,0,0,1,0,0,0,0,0,0
21,21,0,0,0,0,0,1,0,0,0.0330000001033,0.0203174840658041,0.02,0.01,100313.1803014641,100189.2318263964,100185.9910913801,100088.1010442677,0.0,0.0,0.0,-4.943905852409584e-20,0,0,1,0,0,0,0,0,0,0,0,0,0,1,0,0,1,0,0,0,0,0,0
22,22,0,0,0,0,0,1,0,0,0.0330000001033,0.0203174840658041,0.02,0.01,100313.1803014641,100189.2318263964,100185.9910913801,100088.1010442677,0.0,0.0,0.0,-4.943905852409584e-20,0,0,1,0,0,0,0,0,0,0,0,0,0,1,0,0,1,0,0,0,0,0,0
23,23,0,0,0,0,0,1,0,0,0.0330000001033,0.0210183820819897,0.02,0.01,100313.1803014641,100195.9499298213,100185.9910913801,100088.1010442677,0.0,0.0,0.0,-1.922060993983351e-20,0,0,1,0,0,0,0,0,0,0,0,0,0,1,0,0,1,0,0,0,0,0,0
24,24,0,0,0,0,0,1,0,0,0.0330000001033,0.0210183820819897,0.02,0.01,100313.1803014641,100195.9499298213,100185.9910913801,100088.1010442677,0.0,0.0,0.0,-1.922060993983351e-20,0,0,1,0,0,0,0,0,0,0,0,0,0,1,0,0,1,0,0,0,0,0,0
25,25,0,0,0,0,0,1,0,0,0.0330000001033,0.0210183820819897,0.02,0.01,100313.1803014641,100195.9499298213,100185.9910913801,100088.1010442677,0.0,0.0,0.0,-1.922060993983351e-20,0,0,1,0,0,0,0,0,0,0,0,0,0,1,0,0,1,0,0,0,0,0,0
0,0,0,0,0,0,0,1,0,0,0.0330000001033,0.0210183820819897,0.02,0.01,100313.2481584076,100195.9600406637,100185.9910934541,100088.1010442677,0.0,0.0,0.0,0.0,0,0,1,0,0,0,0,0,0,0,0,0,0,1,0,0,1,0,0,0,0,0,0
1,1,0,0,0,0,0,1,0,0,0.0330000001033,0.0210183820819897,0.02,0.01,100313.2481563325,100195.9600385887,100185.9910913791,100088.1010442677,0.0,0.0,0.0,0.0,0,0,1,0,0,0,0,0,0,0,0,0,0,1,0,0,1,0,0,0,0,0,0
2,2,0,0,0,0,0,1,0,0,0.0330000001033,0.0210183820819897,0.02,0.01,100313.2481563325,100195.9600385887,100185.9910913791,100088.1010442677,0.0,0.0,0.0,0.0,0,0,1,0,0,0,0,0,0,0,0,0,0,1,0,0,1,0,0,0,0,0,0
3,3,0,0,0,0,0,1,0,0,0.0330000001033,0.0217192763336298,0.02,0.01,100313.2481563336,100203.414610698,100185.9910913801,100088.1010442677,0.0,0.0,0.0,1.165768100292131e-16,0,0,1,0,0,0,0,0,0,0,0,0,0,1,0,0,1,0,0,0,0,0,0
4,4,0,0,0,0,0,1,0,0,0.0330000001033,0.0217192763336298,0.02,0.01,100313.2481563336,100203.414610698,100185.9910913801,100088.1010442677,0.0,0.0,0.0,1.165768100292131e-16,0,0,1,0,0,0,0,0,0,0,0,0,0,1,0,0,1,0,0,0,0,0,0
5,5,0,0,0,0,0,1,0,0,0.0330000001033,0.0220000001022,0.02,0.01,100313.2481563336,100205.5592378264,100185.9910913801,100088.1010442677,0.0,0.0,0.0,7.977788902299219e-17,0,0,1,0,0,0,0,0,0,0,0,0,0,1,0,0,1,0,0,0,0,0,0
6,6,0,0,0,0,0,1,0,0,0.0330000001033,0.0220000001022,0.02,0.01,100313.2481563336,100205.5592378264,100185.9910913801,100088.1010442677,0.0,0.0,0.0,7.977788902299219e-17,0,0,1,0,0,1,0,0,0,0,0,0,0,1,0,0,1,0,0,0,0,0,0
7,7,0,0,0,0,0,1,0,0,0.0330000001033,0.0224201783700574,0.02,0.01,100313.2481563336,100209.6680100013,100185.9910913801,100088.1010442677,0.0,0.0,0.0,4.540025580553294e-17,0,0,1,0,0,1,0,0,0,0,0,0,0,1,0,0,1,0,0,0,0,0,0
8,8,0,0,0,0,0,1,0,0,0.0330000001033,0.0224201783700574,0.02,0.01,100313.2481563336,100209.6680100013,100185.9910913801,100088.1010442677,0.0,0.0,0.0,4.540025580553294e-17,0,0,1,0,0,1,0,0,0,0,0,0,0,1,0,0,1,0,0,0,0,0,0
9,9,0,0,0,0,0,1,0,0,0.0330000001033,0.023121088115417,0.02,0.01,100313.2481563336,100216.5218732207,100185.9910913801,100088.1010442677,0.0,0.0,0.0,1.823932991303895e-17,0,0,1,0,0,1,0,0,0,0,0,0,0,1,0,0,1,0,0,0,0,0,0
10,10,0,0,0,0,0,1,0,0,0.0330000001033,0.023121088115417,0.02,0.01,100313.2481563336,100216.5218732207,100185.9910913801,100088.1010442677,0.0,0.0,0.0,1.823932991303895e-17,0,0,1,0,0,1,0,0,0,0,0,0,0,1,0,0,1,0,0,0,0,0,0
11,11,0,0,0,0,0,1,0,0,0.0330000001033,0.0238220047445748,0.02,0.01,100313.2481563336,100223.3756216377,100185.9910913801,100088.1010442677,0.0,0.0,0.0,7.327561281303352e-18,0,0,1,0,0,1,0,0,0,0,0,0,0,1,0,0,1,0,0,0,0,0,0
12,12,0,0,0,0,0,1,0,0,0.0330000001033,0.0238220047445748,0.02,0.01,100313.2481563336,100223.3756216377,100185.9910913801,100088.1010442677,0.0,0.0,0.0,7.327561281303352e-18,0,0,1,0,0,1,0,0,0,0,0,0,0,1,0,0,1,0,0,0,0,0,0
13,13,0,0,0,0,0,1,0,0,0.0330000001033,0.0245229277838389,0.02,0.01,100313.2481563336,100230.2292779707,100185.9910913801,100088.1010442677,0.0,0.0,0.0,2.943824618238621e-18,0,0,1,0,0,1,0,0,0,0,0,0,0,1,0,0,1,0,0,0,0,0,0
14,14,0,0,0,0,0,1,0,0,0.0330000001033,0.0245229277838389,0.02,0.01,100313.2481563336,100230.2292779707,100185.9910913801,100088.1010442677,0.0,0.0,0.0,2.943824618238621e-18,0,0,1,0,0,1,0,0,0,0,0,0,0,1,0,0,1,0,0,0,0,0,0
15,15,0,0,0,0,0,1,0,0,0.0330000001033,0.0252238568448859,0.02,0.01,100313.2481563336,100237.0828498013,100185.9910913801,100088.1010442677,0.0,0.0,0.0,1.1898917126528321e-18,0,0,1,0,0,1,0,0,0,0,0,0,0,1,0,0,1,0,0,0,0,0,0
16,16,0,0,0,0,0,1,0,0,0.0330000001033,0.0252238568448859,0.02,0.01,100313.2481563336,100237.0828498013,100185.9910913801,100088.1010442677,0.0,0.0,0.0,1.1898917126528321e-18,0,0,1,0,0,1,0,0,0,0,0,0,0,1,0,0,1,0,0,0,0,0,0
17,17,0,0,0,0,0,1,0,0,0.0330000001033,0.0259247914869383,0.02,0.01,100313.2481563336,100243.9363389883,100185.9910913801,100088.1010442677,0.0,0.0,0.0,4.809439438172314e-19,0,0,1,0,0,1,0,0,0,0,0,0,0,1,0,0,1,0,0,0,0,0,0
18,18,0,0,0,0,0,1,0,0,0.0330000001033,0.0259247914869383,0.02,0.01,100313.2481563336,100243.9363389883,100185.9910913801,100088.1010442677,0.0,0.0,0.0,4.809439438172314e-19,0,0,1,0,0,1,0,0,0,0,0,0,0,1,0,0,1,0,0,0,0,0,0
19,19,0,0,0,0,0,1,0,0,0.0330000001033,0.0266257313509427,0.02,0.01,100313.2481563336,100250.7897498318,100185.9910913801,100088.1010442677,0.0,0.0,0.0,1.94731073005536e-19,0,0,1,0,0,1,0,0,0,0,0,0,0,1,0,0,1,0,0,0,0,0,0
20,20,0,0,0,0,0,1,0,0,0.0330000001033,0.0266257313509427,0.02,0.01,100313.2481563336,100250.7897498318,100185.9910913801,100088.1010442677,0.0,0.0,0.0,1.94731073005536e-19,0,0,1,0,0,1,0,0,0,0,0,0,0,1,0,0,1,0,0,0,0,0,0
21,21,0,0,0,0,0,1,0,0,0.0330000001033,0.0273266761080214,0.02,0.01,100313.2481563336,100257.6430863519,100185.9910913801,100088.1010442677,0.0,0.0,0.0,7.870677734153585e-20,0,0,1,0,0,1,0,0,0,0,0,0,0,1,0,0,1,0,0,0,0,0,0
22,22,0,0,0,0,0,1,0,0,0.0330000001033,0.0273266761080214,0.02,0.01,100313.2481563336,100257.6430863519,100185.9910913801,100088.1010442677,0.0,0.0,0.0,7.870677734153585e-20,0,0,1,0,0,1,0,0,0,0,0,0,0,1,0,0,1,0,0,0,0,0,0
23,23,0,0,0,0,0,1,0,0,0.0330000001033,0.0280276254563656,0.02,0.01,100313.2481563336,100264.4963523096,100185.9910913801,100088.1010442677,0.0,0.0,0.0,3.181245475168068e-20,0,0,1,0,0,1,0,0,0,0,0,0,0,1,0,0,1,0,0,0,0,0,0
24,24,0,0,0,0,0,1,0,0,0.0330000001033,0.0280276254563656,0.02,0.01,100313.2481563336,100264.4963523096,100185.9910913801,100088.1010442677,0.0,0.0,0.0,3.181245475168068e-20,0,0,1,0,0,1,0,0,0,0,0,0,0,1,0,0,1,0,0,0,0,0,0
25,25,0,0,0,0,0,1,0,0,0.0330000001033,0.0280276254563656,0.02,0.01,100313.2481563336,100264.4963523096,100185.9910913801,100088.1010442677,0.0,0.0,0.0,3.181245475168068e-20,0,0,1,0,0,1,0,0,0,0,0,0,0,1,0,0,1,0,0,0,0,0,0
0,0,0,0,0,0,0,1,0,0,0.0330000001033,0.0280276254563656,0.02,0.01,100313.2481584076,100264.5735585314,100185.9910934541,100088.1010442677,0.0,0.0,0.0,0.0,0,0,1,0,0,1,0,0,0,0,0,0,0,1,0,0,1,0,0,0,0,0,0
1,1,0,0,0,0,0,1,0,0,0.0330000001033,0.0280276254563656,0.02,0.01,100313.2481563325,100264.5735564564,100185.9910913791,100088.1010442677,0.0,0.0,0.0,0.0,0,0,1,0,0,1,0,0,0,0,0,0,0,1,0,0,1,0,0,0,0,0,0
2,2,0,0,0,0,0,1,0,0,0.0330000001033,0.0280276254563656,0.02,0.01,100313.2481563325,100264.5735564564,100185.9910913791,100088.1010442677,0.0,0.0,0.0,0.0,0,0,1,0,0,1,0,0,0,0,0,0,0,1,0,0,1,0,0,0,0,0,0
3,3,0,0,0,0,0,1,0,0,0.0330000001033,0.0287285187362195,0.02,0.01,100313.2481563336,100271.8154927921,100185.9910913801,100088.1010442677,0.0,0.0,0.0,1.572496939860608e-18,0,0,1,0,0,1,0,0,0,0,0,0,0,1,0,0,1,0,0,0,0,0,0
4,4,0,0,0,0,0,1,0,0,0.0330000001033,0.0287285187362195,0.02,0.01,100313.2481563336,100271.8154927921,100185.9910913801,100088.1010442677,0.0,0.0,0.0,1.572496939860608e-18,0,0,1,0,0,1,0,0,0,0,0,0,0,1,0,0,1,0,0,0,0,0,0
5,5,0,0,0,0,0,1,0,0,0.0330000001033,0.0294294186338473,0.02,0.01,100313.2481563336,100278.2805220631,100185.9910913801,100088.1010442677,0.0,0.0,0.0,6.355886283824039e-19,0,0,1,0,0,1,0,0,0,0,0,0,0,1,0,0,1,0,0,0,0,0,0
6,6,0,0,0,0,0,1,0,0,0.0330000001033,0.0294294186338473,0.02,0.01,100313.2481563336,100278.2805220631,100185.9910913801,100088.1010442677,0.0,0.0,0.0,6.355886283824039e-19,0,0,1,0,0,1,0,0,0,0,0,0,0,1,0,0,1,0,0,0,0,0,0
7,7,0,0,0,0,0,1,0,0,0.0330000001033,0.030130324642592,0.02,0.01,100313.2481563336,100285.1339043838,100185.9910913801,100088.1010442677,0.0,0.0,0.0,2.56899128192681e-19,0,0,1,0,0,1,0,0,0,0,0,0,0,1,0,0,1,0,0,0,0,0,0
8,8,0,0,0,0,0,1,0,0,0.0330000001033,0.030130324642592,0.02,0.01,100313.2481563336,100285.1339043838,100185.9910913801,100088.1010442677,0.0,0.0,0.0,2.56899128192681e-19,0,0,1,0,0,1,0,0,0,0,0,0,0,1,0,0,1,0,0,0,0,0,0
9,9,0,0,0,0,0,1,0,0,0.0330000001033,0.0308312364112279,0.02,0.01,100313.2481563336,100291.9872219538,100185.9910913801,100088.1010442677,0.0,0.0,0.0,1.038363625727029e-19,0,0,1,0,0,1,0,0,0,0,0,0,0,1,0,0,1,0,0,0,0,0,0
10,10,0,0,0,0,0,1,0,0,0.0330000001033,0.0308312364112279,0.02,0.01,100313.2481563336,100291.9872219538,100185.9910913801,100088.1010442677,0.0,0.0,0.0,1.038363625727029e-19,0,0,1,0,0,1,0,0,0,0,0,0,0,1,0,0,1,0,0,0,0,0,0
11,11,0,0,0,0,0,1,0,0,0.0330000001033,0.0315321536149654,0.02,0.01,100313.2481563336,100298.8404777754,100185.9910913801,100088.1010442677,0.0,0.0,0.0,4.196980136683497e-20,0,0,1,0,0,1,0,0,0,0,0,0,0,1,0,0,1,0,0,0,0,0,0
12,12,0,0,0,0,0,1,0,0,0.0330000001033,0.0315321536149654,0.02,0.01,100313.2481563336,100298.8404777754,100185.9910913801,100088.1010442677,0.0,0.0,0.0,4.196980136683497e-20,0,0,1,0,0,1,0,0,0,0,0,0,0,1,0,0,1,0,0,0,0,0,0
13,13,0,0,0,0,0,1,0,0,0.0330000001033,0.0322330759530071,0.02,0.01,100313.2481563336,100305.6936745387,100185.9910913801,100088.1010442677,0.0,0.0,0.0,1.696332640410574e-20,0,0,1,0,0,1,0,0,0,0,0,0,0,1,0,0,1,0,0,0,0,0,0
14,14,0,0,0,0,0,1,0,0,0.0330000001033,0.0322330759530071,0.02,0.01,100313.2481563336,100305.6936745387,100185.9910913801,100088.1010442677,0.0,0.0,0.0,1.696332640410574e-20,0,0,1,0,0,1,0,0,0,0,0,0,0,1,0,0,1,0,0,0,0,0,0
15,15,0,0,0,0,0,1,0,0,0.0330000001033,0.032934003146371,0.02,0.01,100313.2481563336,100312.5468147889,100185.9910913801,100088.1010442677,0.0,0.0,0.0,6.854825584631716e-21,0,0,1,0,0,1,0,0,0,0,0,0,0,1,0,0,1,0,0,0,0,0,0
16,16,0,0,0,0,0,1,0,0,0.0330000001033,0.032934003146371,0.02,0.01,100313.2481563336,100312.5468147889,100185.9910913801,100088.1010442677,0.0,0.0,0.0,6.854825584631716e-21,0,0,1,0,0,1,0,0,0,0,0,0,0,1,0,0,1,0,0,0,0,0,0
17,17,0,0,0,0,0,1,0,0,0.0330000001033,0.0330000001033,0.02,0.01,100313.2481563336,100313.1920763549,100185.9910913801,100088.1010442677,0.0,0.0,0.0,6.2510465941340186e-21,0,0,1,0,0,1,0,0,0,0,0,0,0,1,0,0,1,0,0,0,0,0,0
18,18,0,0,0,0,0,0,1,0,0.0330000001033,0.0330000001033,0.02,0.01,100313.2481563336,100313.1920763549,100185.9910913801,100088.1010442677,0.0,0.0,0.0,6.2510465941340186e-21,0,0,1,0,0,1,0,0,0,0,0,0,0,1,0,0,0,1,0,0,0,0,0
19,19,0,0,0,0,0,0,1,0,0.0330000001033,0.0330000001033,0.0206349004127945,0.01,100313.2481563336,100313.1920763549,100192.7317846461,100088.1010442677,0.0,0.0,0.0,2.723300863592403e-21,0,0,1,0,0,1,0,0,0,0,0,0,0,1,0,0,0,1,0,0,0,0,0
20,20,0,0,0,0,0,0,1,0,0.0330000001033,0.0330000001033,0.0206349004127945,0.01,100313.2481563336,100313.1920763549,100192.7317846461,100088.1010442677,0.0,0.0,0.0,2.723300863592403e-21,0,0,1,0,0,1,0,0,0,0,0,0,0,1,0,0,0,1,0,0,0,0,0
21,21,0,0,0,0,0,0,1,0,0.0330000001033,0.0330000001033,0.0213358021249556,0.01,100313.2481563336,100313.1920763549,100199.0539210803,100088.1010442677,0.0,0.0,0.0,1.0596105809633229e-21,0,0,1,0,0,1,0,0,0,0,0,0,0,1,0,0,0,1,0,0,0,0,0
22,22,0,0,0,0,0,0,1,0,0.0330000001033,0.0330000001033,0.0213358021249556,0.01,100313.2481563336,100313.1920763549,100199.0539210803,100088.1010442677,0.0,0.0,0.0,1.0596105809633229e-21,0,0,1,0,0,1,0,0,0,0,0,0,0,1,0,0,0,1,0,0,0,0,0
23,23,0,0,0,0,0,0,1,0,0.0330000001033,0.0330000001033,0.0220000001022,0.01,100313.2481563336,100313.1920763549,100205.5488812569,100088.1010442677,0.0,0.0,0.0,4.448837215199345e-22,0,0,1,0,0,1,0,0,0,0,0,0,0,1,0,0,0,1,0,0,0,0,0
24,24,0,0,0,0,0,0,1,0,0.0330000001033,0.0330000001033,0.0220000001022,0.01,100313.2481563336,100313.1920763549,100205.5488812569,100088.1010442677,0.0,0.0,0.0,4.448837215199345e-22,0,0,1,0,0,1,0,0,1,0,0,0,0,1,0,0,0,1,0,0,0,0,0
25,25,0,0,0,0,0,0,1,0,0.0330000001033,0.0330000001033,0.0220367118180733,0.01,100313.2481563336,100313.1920763549,100205.9078658059,100088.1010442677,0.0,0.0,0.0,4.223809473193061e-22,0,0,1,0,0,1,0,0,1,0,0,0,0,1,0,0,0,1,0,0,0,0,0
26,26,0,0,0,0,0,0,1,0,0.0330000001033,0.0330000001033,0.0220367118180733,0.01,100313.2481563336,100313.1920763549,100205.9078658059,100088.1010442677,0.0,0.0,0.0,4.223809473193061e-22,0,0,1,0,0,1,0,0,1,0,0,0,0,1,0,0,0,1,0,0,0,0,0
27,27,0,0,0,0,0,0,1,0,0.0330000001033,0.0330000001033,0.0220367118180733,0.01,100313.2481563336,100313.1920763549,100205.9078658059,100088.1010442677,0.0,0.0,0.0,4.223809473193061e-22,0,0,1,0,0,1,0,0,1,0,0,0,0,1,0,0,0,1,0,0,0,0,0
0,0,0,0,0,0,0,0,1,0,0.0330000001033,0.0330000001033,0.0220367118180733,0.01,100313.2481584076,100313.2481584076,100205.928475459,100088.1010442677,0.0,0.0,0.0,0.0,0,0,1,0,0,1,0,0,1,0,0,0,0,1,0,0,0,1,0,0,0,0,0
1,1,0,0,0,0,0,0,1,0,0.0330000001033,0.0330000001033,0.0220367118180733,0.01,100313.2481563325,100313.2481563325,100205.928473384,100088.1010442677,0.0,0.0,0.0,0.0,0,0,1,0,0,1,0,0,1,0,0,0,0,1,0,0,0,1,0,0,0,0,0
2,2,0,0,0,0,0,0,1,0,0.0330000001033,0.0330000001033,0.0220367118180733,0.01,100313.2481563325,100313.2481563325,100205.928473384,100088.1010442677,0.0,0.0,0.0,0.0,0,0,1,0,0,1,0,0,1,0,0,0,0,1,0,0,0,1,0,0,0,0,0
3,3,0,0,0,0,0,0,1,0,0.0330000001033,0.0330000001033,0.0227376059002959,0.01,100313.2481563336,100313.2481563336,100213.3426422729,100088.1010442677,0.0,0.0,0.0,-1.274502064453956e-16,0,0,1,0,0,1,0,0,1,0,0,0,0,1,0,0,0,1,0,0,0,0,0
4,4,0,0,0,0,0,0,1,0,0.0330000001033,0.0330000001033,0.0227376059002959,0.01,100313.2481563336,100313.2481563336,100213.3426422729,100088.1010442677,0.0,0.0,0.0,-1.274502064453956e-16,0,0,1,0,0,1,0,0,1,0,0,0,0,1,0,0,0,1,0,0,0,0,0
5,5,0,0,0,0,0,0,1,0,0.0330000001033,0.0330000001033,0.023438507796987,0.01,100313.2481563336,100313.2481563336,100219.6362506257,100088.1010442677,0.0,0.0,0.0,-5.120249481154112e-17,0,0,1,0,0,1,0,0,1,0,0,0,0,1,0,0,0,1,0,0,0,0,0
6,6,0,0,0,0,0,0,1,0,0.0330000001033,0.0330000001033,0.023438507796987,0.01,100313.2481563336,100313.2481563336,100219.6362506257,100088.1010442677,0.0,0.0,0.0,-5.120249481154112e-17,0,0,1,0,0,1,0,0,1,0,0,0,0,1,0,0,0,1,0,0,0,0,0
7,7,0,0,0,0,0,0,1,0,0.0330000001033,0.0330000001033,0.0241394168797821,0.01,100313.2481563336,100313.2481563336,100226.4900621765,100088.1010442677,0.0,0.0,0.0,-2.0570281460301128e-17,0,0,1,0,0,1,0,0,1,0,0,0,0,1,0,0,0,1,0,0,0,0,0
8,8,0,0,0,0,0,0,1,0,0.0330000001033,0.0330000001033,0.0241394168797821,0.01,100313.2481563336,100313.2481563336,100226.4900621765,100088.1010442677,0.0,0.0,0.0,-2.0570281460301128e-17,0,0,1,0,0,1,0,0,1,0,0,0,0,1,0,0,0,1,0,0,0,0,0
9,9,0,0,0,0,0,0,1,0,0.0330000001033,0.0330000001033,0.0248403326585476,0.01,100313.2481563336,100313.2481563336,100233.3437365222,100088.1010442677,0.0,0.0,0.0,-8.263955901966867e-18,0,0,1,0,0,1,0,0,1,0,0,0,0,1,0,0,0,1,0,0,0,0,0
10,10,0,0,0,0,0,0,1,0,0.0330000001033,0.0330000001033,0.0248403326585476,0.01,100313.2481563336,100313.2481563336,100233.3437365222,100088.1010442677,0.0,0.0,0.0,-8.263955901966867e-18,0,0,1,0,0,1,0,0,1,0,0,0,0,1,0,0,0,1,0,0,0,0,0
11,11,0,0,0,0,0,0,1,0,0.0330000001033,0.0330000001033,0.0255412547315785,0.01,100313.2481563336,100313.2481563336,100240.1973271417,100088.1010442677,0.0,0.0,0.0,-3.340215502661556e-18,0,0,1,0,0,1,0,0,1,0,0,0,0,1,0,0,0,1,0,0,0,0,0
12,12,0,0,0,0,0,0,1,0,0.0330000001033,0.0330000001033,0.0255412547315785,0.01,100313.2481563336,100313.2481563336,100240.1973271417,100088.1010442677,0.0,0.0,0.0,-3.340215502661556e-18,0,0,1,0,0,1,0,0,1,0,0,0,0,1,0,0,0,1,0,0,0,0,0
13,13,0,0,0,0,0,0,1,0,0.0330000001033,0.0330000001033,0.0262421826416447,0.01,100313.2481563336,100313.2481563336,100247.0508357239,100088.1010442677,0.0,0.0,0.0,-1.350080428180629e-18,0,0,1,0,0,1,0,0,1,0,0,0,0,1,0,0,0,1,0,0,0,0,0
14,14,0,0,0,0,0,0,1,0,0.0330000001033,0.0330000001033,0.0262421826416447,0.01,100313.2481563336,100313.2481563336,100247.0508357239,100088.1010442677,0.0,0.0,0.0,-1.350080428180629e-18,0,0,1,0,0,1,0,0,1,0,0,0,0,1,0,0,0,1,0,0,0,0,0
15,15,0,0,0,0,0,0,1,0,0.0330000001033,0.0330000001033,0.0269431160163251,0.01,100313.2481563336,100313.2481563336,100253.9042664604,100088.1010442677,0.0,0.0,0.0,-5.457288670959067e-19,0,0,1,0,0,1,0,0,1,0,0,0,0,1,0,0,0,1,0,0,0,0,0
16,16,0,0,0,0,0,0,1,0,0.0330000001033,0.0330000001033,0.0269431160163251,0.01,100313.2481563336,100313.2481563336,100253.9042664604,100088.1010442677,0.0,0.0,0.0,-5.457288670959067e-19,0,0,1,0,0,1,0,0,1,0,0,0,0,1,0,0,0,1,0,0,0,0,0
17,17,0,0,0,0,0,0,1,0,0.0330000001033,0.0330000001033,0.0276440545142467,0.01,100313.2481563336,100313.2481563336,100260.7576232758,100088.1010442677,0.0,0.0,0.0,-2.205780729084143e-19,0,0,1,0,0,1,0,0,1,0,0,0,0,1,0,0,0,1,0,0,0,0,0
18,18,0,0,0,0,0,0,1,0,0.0330000001033,0.0330000001033,0.0276440545142467,0.01,100313.2481563336,100313.2481563336,100260.7576232758,100088.1010442677,0.0,0.0,0.0,-2.205780729084143e-19,0,0,1,0,0,1,0,0,1,0,0,0,0,1,0,0,0,1,0,0,0,0,0
19,19,0,0,0,0,0,0,1,0,0.0330000001033,0.0330000001033,0.0283449978219126,0.01,100313.2481563336,100313.2481563336,100267.6109098476,100088.1010442677,0.0,0.0,0.0,-8.903165456630019e-20,0,0,1,0,0,1,0,0,1,0,0,0,0,1,0,0,0,1,0,0,0,0,0
20,20,0,0,0,0,0,0,1,0,0.0330000001033,0.0330000001033,0.0283449978219126,0.01,100313.2481563336,100313.2481563336,100267.6109098476,100088.1010442677,0.0,0.0,0.0,-8.903165456630019e-20,0,0,1,0,0,1,0,0,1,0,0,0,0,1,0,0,0,1,0,0,0,0,0
21,21,0,0,0,0,0,0,1,0,0.0330000001033,0.0330000001033,0.0290459456509114,0.01,100313.2481563336,100313.2481563336,100274.4641296233,100088.1010442677,0.0,0.0,0.0,-3.598593466407633e-20,0,0,1,0,0,1,0,0,1,0,0,0,0,1,0,0,0,1,0,0,0,0,0
22,22,0,0,0,0,0,0,1,0,0.0330000001033,0.0330000001033,0.0290459456509114,0.01,100313.2481563336,100313.2481563336,100274.4641296233,100088.1010442677,0.0,0.0,0.0,-3.598593466407633e-20,0,0,1,0,0,1,0,0,1,0,0,0,0,1,0,0,0,1,0,0,0,0,0
23,23,0,0,0,0,0,0,1,0,0.0330000001033,0.0330000001033,0.0290459456509114,0.01,100313.2481563336,100313.2481563336,100274.4641296233,100088.1010442677,0.0,0.0,0.0,-3.598593466407633e-20,0,0,1,0,0,1,0,0,1,0,0,0,0,1,0,0,0,1,0,0,0,0,0
0,0,0,0,0,0,0,0,1,0,0.0330000001033,0.0330000001033,0.0290459456509114,0.01,100313.2481584076,100313.2481584076,100274.5418999246,100088.1010442677,0.0,0.0,-0.0,0.0,0,0,1,0,0,1,0,0,1,0,0,0,0,1,0,0,0,1,0,0,0,0,0
1,1,0,0,0,0,0,0,1,0,0.0330000001033,0.0330000001033,0.0290459456509114,0.01,100313.2481563325,100313.2481563325,100274.5418978495,100088.1010442677,0.0,0.0,-0.0,0.0,0,0,1,0,0,1,0,0,1,0,0,0,0,1,0,0,0,1,0,0,0,0,0
2,2,0,0,0,0,0,0,1,0,0.0330000001033,0.0330000001033,0.0290459456509114,0.01,100313.2481563325,100313.2481563325,100274.5418978495,100088.1010442677,0.0,0.0,-0.0,0.0,0,0,1,0,0,1,0,0,1,0,0,0,0,1,0,0,0,1,0,0,0,0,0
3,3,0,0,0,0,0,0,1,0,0.0330000001033,0.0330000001033,0.0297468388202392,0.01,100313.2481563336,100313.2481563336,100281.7625797636,100088.1010442677,0.0,0.0,-0.0,1.5676707297175944e-18,0,0,1,0,0,1,0,0,1,0,0,0,0,1,0,0,0,1,0,0,0,0,0
4,4,0,0,0,0,0,0,1,0,0.0330000001033,0.0330000001033,0.0297468388202392,0.01,100313.2481563336,100313.2481563336,100281.7625797636,100088.1010442677,0.0,0.0,-0.0,1.5676707297175944e-18,0,0,1,0,0,1,0,0,1,0,0,0,0,1,0,0,0,1,0,0,0,0,0
5,5,0,0,0,0,0,0,1,0,0.0330000001033,0.0330000001033,0.0304477384330673,0.01,100313.2481563336,100313.2481563336,100288.2487446655,100088.1010442677,0.0,0.0,-0.0,6.336396288379329e-19,0,0,1,0,0,1,0,0,1,0,0,0,0,1,0,0,0,1,0,0,0,0,0
6,6,0,0,0,0,0,0,1,0,0.0330000001033,0.0330000001033,0.0304477384330673,0.01,100313.2481563336,100313.2481563336,100288.2487446655,100088.1010442677,0.0,0.0,-0.0,6.336396288379329e-19,0,0,1,0,0,1,0,0,1,0,0,0,0,1,0,0,0,1,0,0,0,0,0
7,7,0,0,0,0,0,0,1,0,0.0330000001033,0.0330000001033,0.0311486440060232,0.01,100313.2481563336,100313.2481563336,100295.1020730106,100088.1010442677,0.0,0.0,-0.0,2.561114819729588e-19,0,0,1,0,0,1,0,0,1,0,0,0,0,1,0,0,0,1,0,0,0,0,0
8,8,0,0,0,0,0,0,1,0,0.0330000001033,0.0330000001033,0.0311486440060232,0.01,100313.2481563336,100313.2481563336,100295.1020730106,100088.1010442677,0.0,0.0,-0.0,2.561114819729588e-19,0,0,1,0,0,1,0,0,1,0,0,0,0,1,0,0,0,1,0,0,0,0,0
9,9,0,0,0,0,0,0,1,0,0.0330000001033,0.0330000001033,0.031849555205458,0.01,100313.2481563336,100313.2481563336,100301.9553399759,100088.1010442677,0.0,0.0,-0.0,1.03504649252239e-19,0,0,1,0,0,1,0,0,1,0,0,0,0,1,0,0,0,1,0,0,0,0,0
10,10,0,0,0,0,0,0,1,0,0.0330000001033,0.0330000001033,0.031849555205458,0.01,100313.2481563336,100313.2481563336,100301.9553399759,100088.1010442677,0.0,0.0,-0.0,1.03504649252239e-19,0,0,1,0,0,1,0,0,1,0,0,0,0,1,0,0,0,1,0,0,0,0,0
11,11,0,0,0,0,0,0,1,0,0.0330000001033,0.0330000001033,0.0325504717221961,0.01,100313.2481563336,100313.2481563336,100308.808548328,100088.1010442677,0.0,0.0,-0.0,4.183498625398408e-20,0,0,1,0,0,1,0,0,1,0,0,0,0,1,0,0,0,1,0,0,0,0,0
12,12,0,0,0,0,0,0,1,0,0.0330000001033,0.0330000001033,0.0325504717221961,0.01,100313.2481563336,100313.2481563336,100308.808548328,100088.1010442677,0.0,0.0,-0.0,4.183498625398408e-20,0,0,1,0,0,1,0,0,1,0,0,0,0,1,0,0,0,1,0,0,0,0,0
13,13,0,0,0,0,0,0,1,0,0.0330000001033,0.0330000001033,0.0330000001033,0.01,100313.2481563336,100313.2481563336,100313.2037541228,100088.1010442677,0.0,0.0,-0.0,2.337131350663482e-20,0,0,1,0,0,1,0,0,1,0,0,0,0,1,0,0,0,1,0,0,0,0,0
14,14,1,0,0,0,0,0,0,0,0.0330000001033,0.0330000001033,0.0330000001033,0.01,101268.2584877761,100313.2481563336,100313.2037541228,100088.1010442677,4.607991066847703e-05,0.0459209925902532,-0.0459209925902532,2.337131350663482e-20,150,0,1,0,0,1,0,0,1,0,0,0,0,1,0,0,0,0,0,1,0,0,1
15,15,1,0,0,0,0,0,0,0,0.0330036713962231,0.0330000001033,0.0330000001033,0.0100027623118485,100313.280010292,100313.2481576372,100313.2037541228,100088.1280642925,1.648860225460222e-05,0.0164317662753263,-0.0164317662753263,0.2291554127306298,150,0,1,0,0,1,0,0,1,0,0,0,0,1,0,0,0,0,0,1,0,0,1
16,16,1,0,0,0,0,0,0,0,0.0330036713962231,0.0330000001033,0.0330000001033,0.0100027623118485,100313.280010292,100313.2481584075,100313.2037541228,100088.1280642925,1.648860225460222e-05,0.0164317662753263,-0.0164317662753263,0.2291554127306298,150,0,1,0,0,1,0,0,1,0,0,0,0,1,0,0,0,0,0,1,0,0,1
17,17,1,0,0,0,0,0,0,0,0.0329999998966999,0.0330000001033,0.0330000001033,0.0100069231650708,100249.2988033304,100313.2481576636,100313.2037541228,100088.1687644103,1.325465478154151e-05,0.0132089998629363,-0.0132089998629363,0.8015184758973014,150,0,1,0,0,1,0,0,1,0,0,0,0,1,0,0,0,0,0,1,0,0,1
18,18,1,0,0,0,0,0,0,0,0.0329999998966999,0.0330000001033,0.0330000001033,0.0100069231650708,100249.2988033304,100313.2481584075,100313.2037541228,100088.1687644103,1.325465478154151e-05,0.0132089998629363,-0.0132089998629363,0.8015184758973014,150,0,1,0,0,1,0,0,1,0,0,0,0,1,0,0,0,0,0,1,0,0,1
19,19,1,0,0,0,0,0,0,0,0.0325085493544711,0.0330000001033,0.0330000001033,0.010499849223258,100001.2943769264,100313.2481584076,100313.2037541228,100092.9905855153,2.8036560365616e-05,0.0279476360297776,-0.0279476360297776,39.76760280755084,150,0,1,0,0,1,0,0,1,0,0,0,0,1,0,0,0,0,0,1,0,0,1
20,20,1,0,0,0,0,0,0,0,0.0325085493544711,0.0330000001033,0.0330000001033,0.010499849223258,100001.2943769264,100313.2481584076,100313.2037541228,100092.9905855153,2.8036560365616e-05,0.0279476360297776,-0.0279476360297776,39.76760280755084,150,0,1,0,0,1,0,0,1,0,0,0,0,1,0,0,0,0,0,1,0,0,1
21,21,1,0,0,0,0,0,0,0,0.0282331067515092,0.0330000001033,0.0330000001033,0.0147891654011588,97809.63275693292,100313.2481662108,100313.2037541228,100134.9605369627,8.65608234477191e-05,0.0863783354611601,-0.0863783354611601,120.9409657512296,150,0,1,0,0,1,0,0,1,0,0,0,0,1,0,0,0,0,0,1,0,0,1
22,22,1,0,0,0,0,0,0,0,0.0282331067515092,0.0330000001033,0.0330000001033,0.0147891654011588,97809.63275693292,100313.2481662108,100313.2037541228,100134.9605369627,8.65608234477191e-05,0.0863783354611601,-0.0863783354611601,120.9409657512296,150,0,1,0,0,1,0,0,1,0,0,0,0,1,0,0,0,0,0,1,0,0,1
23,23,1,0,0,0,0,0,0,0,0.0219999998977994,0.0330000001033,0.0330000001033,0.0210286294712565,96823.61748071868,100313.2481740241,100313.2037541228,100196.0302127612,0.0001027408947098,0.1025518992455517,-0.1025518992455517,142.2973926363909,150,0,1,0,0,1,0,0,1,0,0,0,0,1,0,0,0,0,0,1,0,0,1
24,24,0,1,0,0,0,0,0,0,0.0219999998977994,0.0330000001033,0.0330000001033,0.0210286294712565,100205.5691178758,96825.33605013067,100313.2037541228,100196.0302127612,0.0001027408947098,0.1025518992455517,-0.1025518992455517,142.2973926363909,150,0,0,0,0,1,0,0,1,0,0,0,0,1,0,0,0,0,0,0,1,0,1
25,25,0,1,0,0,0,0,0,0,0.0219999998977994,0.0329999998966999,0.0330000001033,0.0210286296745906,100205.5691178758,96825.33655536652,100313.2037541228,100196.0302147514,0.0001027408970822,0.1025519016138498,-0.1025519016138498,142.2973930309123,150,0,0,0,0,1,0,0,1,0,0,0,0,1,0,0,0,0,0,0,1,0,1
26,26,0,1,0,0,0,0,0,0,0.0219999998977994,0.0329999998966999,0.0330000001033,0.0210286296745906,100205.5691178758,96825.33655536652,100313.2037541228,100196.0302147514,0.0001027408970822,0.1025519016138498,-0.1025519016138498,142.2973930309123,150,0,0,0,0,1,0,0,1,0,0,0,0,1,0,0,0,0,0,0,1,0,1
27,27,0,1,0,0,0,0,0,0,0.0219999998977994,0.0325023739504241,0.0330000001033,0.0215260219654761,100205.5691175462,96861.32561197628,100313.2037541228,100200.8988556842,0.0001037980245339,0.1036076964706859,-0.1036076964706859,143.2219240048069,150,0,0,0,0,1,0,0,1,0,0,0,0,1,0,0,0,0,0,0,1,0,1
28,28,0,1,0,0,0,0,0,0,0.0219999998977994,0.0325023739504241,0.0330000001033,0.0215260219654761,100205.5691175462,96861.32561197628,100313.2037541228,100200.8988556842,0.0001037980245339,0.1036076964706859,-0.1036076964706859,143.2219240048069,150,0,0,0,0,1,0,0,1,0,0,0,0,1,0,0,0,0,0,0,1,0,1
29,29,0,1,0,0,0,0,0,0,0.0219999998977994,0.0256253529855037,0.0330000001033,0.0283999502507348,100205.5691134974,97337.51836079406,100313.2037541228,100268.1848234173,9.453484100251202e-05,0.0943643404668577,-0.0943643404668577,131.5895588076106,150,0,0,0,0,1,0,0,1,0,0,0,0,1,0,0,0,0,0,0,1,0,1
30,30,0,1,0,0,0,0,0,0,0.0219999998977994,0.0256253529855037,0.0330000001033,0.0283999502507348,100205.5691134974,97337.51836079406,100313.2037541228,100268.1848234173,9.453484100251202e-05,0.0943643404668577,-0.0943643404668577,131.5895588076106,150,0,0,0,0,1,0,0,1,0,0,0,0,1,0,0,0,0,0,0,1,0,1
31,31,0,1,0,0,0,0,0,0,0.0219999998977994,0.0219999998977992,0.0330000001033,0.032028325728826,100205.5691174605,96869.11395142994,100313.2037541228,100303.7020666294,0.0001019943259413,0.1018106219617577,-0.1018106219617577,141.3532510304853,150,0,0,0,0,1,0,0,1,0,0,0,0,1,0,0,0,0,0,0,1,0,1
32,32,0,0,1,0,0,0,0,0,0.0219999998977994,0.0219999998977992,0.0330000001033,0.032028325728826,100205.5691174605,100205.5691174485,96870.96476454404,100303.7020666294,0.0001019943259413,0.1018106219617577,-0.1018106219617577,141.3532510304853,150,0,0,0,0,0,0,0,1,0,0,0,0,1,0,0,0,0,0,0,0,1,1
33,33,0,0,1,0,0,0,0,0,0.0219999998977994,0.0219999998977992,0.0329999998966995,0.0320283259318501,100205.5691174604,100205.5691174485,96870.96531765914,100303.7020686168,0.0001019943285064,0.1018106245222516,-0.1018106245222516,141.3532514328473,150,0,0,0,0,0,0,0,1,0,0,0,0,1,0,0,0,0,0,0,0,1,1
34,34,0,0,1,0,0,0,0,0,0.0219999998977994,0.0219999998977992,0.0329999998966995,0.0320283259318501,100205.5691174604,100205.5691174485,96870.96531765914,100303.7020686168,0.0001019943285064,0.1018106245222516,-0.1018106245222516,141.3532514328473,150,0,0,0,0,0,0,0,1,0,0,0,0,1,0,0,0,0,0,0,0,1,1
35,35,0,0,1,0,0,0,0,0,0.0219999998977994,0.0219999998977992,0.0295425455884101,0.0354870108036016,100205.5691192462,100205.5691085517,96678.39618656292,100337.5584279094,0.0001063916909858,0.1062001408635859,-0.1062001408635859,146.6687002212361,150,0,0,0,0,0,0,0,1,0,0,0,0,1,0,0,0,0,0,0,0,1,1
36,36,0,0,1,0,0,0,0,0,0.0219999998977994,0.0219999998977992,0.0295425455884101,0.0354870108036016,100205.5691192462,100205.5691085517,96678.39618656292,100337.5584279094,0.0001063916909858,0.1062001408635859,-0.1062001408635859,146.6687002212361,150,0,0,0,0,0,0,0,1,0,0,0,0,1,0,0,0,0,0,0,0,1,1
37,37,0,0,1,0,0,0,0,0,0.0219999998977994,0.0219999998977992,0.0295425455884101,0.0354870108036016,100205.5691192462,100205.5691085517,96678.39618656292,100337.5584279094,0.0001063916909858,0.1062001408635859,-0.1062001408635859,146.6687002212361,150,0,0,0,0,0,0,0,1,0,0,0,0,1,0,0,0,0,0,0,0,1,1
0,0,0,0,0,0,1,0,0,0,0.0219999998977994,0.0219999998977992,0.0295425455884101,0.0354870108036016,100205.5691022909,100205.5691022909,100279.4031191554,100337.5935183855,0.0,0.0,0.0,0.0,0,0,0,0,0,0,0,0,1,0,0,0,0,1,0,1,0,0,0,0,0,0,0
1,1,0,0,0,0,1,0,0,0,0.0219999998977994,0.0219999998977992,0.0295425455884101,0.0354870108036016,100205.5691002159,100205.5691002159,100279.4031170803,100337.5935183855,0.0,0.0,0.0,0.0,0,0,0,0,0,0,0,0,1,0,0,0,0,1,0,1,0,0,0,0,0,0,0
2,2,0,0,0,0,1,0,0,0,0.0219999998977994,0.0219999998977992,0.0295425455884101,0.0354870108036016,100205.5691002159,100205.5691002159,100279.4031170803,100337.5935183855,0.0,0.0,0.0,0.0,0,0,0,0,0,0,0,0,1,0,0,0,0,1,0,1,0,0,0,0,0,0,0
3,3,0,0,0,0,1,0,0,0,0.0220000001022,0.0219999998977992,0.0295425455884101,0.0354870108036016,100205.5691022159,100205.5691002163,100279.4031170808,100337.5935183855,0.0,0.0,0.0,1.064825384296164e-16,0,0,0,0,0,0,0,0,1,0,0,0,0,1,0,1,0,0,0,0,0,0,0
4,4,0,0,0,0,1,0,0,0,0.0220000001022,0.0219999998977992,0.0295425455884101,0.0354870108036016,100205.5691022159,100205.5691002163,100279.4031170808,100337.5935183855,0.0,0.0,0.0,1.064825384296164e-16,0,0,1,0,0,0,0,0,1,0,0,0,0,1,0,1,0,0,0,0,0,0,0
5,5,0,0,0,0,1,0,0,0,0.0227008940529508,0.0219999998977992,0.0295425455884101,0.0354870108036016,100212.9842087701,100205.5691002169,100279.4031170814,100337.5935183855,0.0,0.0,0.0,1.825986961666618e-16,0,0,1,0,0,0,0,0,1,0,0,0,0,1,0,1,0,0,0,0,0,0,0
6,6,0,0,0,0,1,0,0,0,0.0227008940529508,0.0219999998977992,0.0295425455884101,0.0354870108036016,100212.9842087701,100205.5691002169,100279.4031170814,100337.5935183855,0.0,0.0,0.0,1.825986961666618e-16,0,0,1,0,0,0,0,0,1,0,0,0,0,1,0,1,0,0,0,0,0,0,0
7,7,0,0,0,0,1,0,0,0,0.0234017959615345,0.0219999998977992,0.0295425455884101,0.0354870108036016,100219.2768872772,100205.5691002169,100279.4031170814,100337.5935183855,0.0,0.0,0.0,7.335813017476289e-17,0,0,1,0,0,0,0,0,1,0,0,0,0,1,0,1,0,0,0,0,0,0,0
8,8,0,0,0,0,1,0,0,0,0.0234017959615345,0.0219999998977992,0.0295425455884101,0.0354870108036016,100219.2768872772,100205.5691002169,100279.4031170814,100337.5935183855,0.0,0.0,0.0,7.335813017476289e-17,0,0,1,0,0,0,0,0,1,0,0,0,0,1,0,1,0,0,0,0,0,0,0
9,9,0,0,0,0,1,0,0,0,0.024102705064053,0.0219999998977992,0.0295425455884101,0.0354870108036016,100226.1307016681,100205.5691002169,100279.4031170814,100337.5935183855,0.0,0.0,0.0,2.947120954902202e-17,0,0,1,0,0,0,0,0,1,0,0,0,0,1,0,1,0,0,0,0,0,0,0
10,10,0,0,0,0,1,0,0,0,0.024102705064053,0.0219999998977992,0.0295425455884101,0.0354870108036016,100226.1307016681,100205.5691002169,100279.4031170814,100337.5935183855,0.0,0.0,0.0,2.947120954902202e-17,0,0,1,0,0,0,0,0,1,0,0,0,0,1,0,1,0,0,0,0,0,0,0
11,11,0,0,0,0,1,0,0,0,0.024803620869288,0.0219999998977992,0.0295425455884101,0.0354870108036016,100232.9843786247,100205.5691002169,100279.4031170814,100337.5935183855,0.0,0.0,0.0,1.18402789439579e-17,0,0,1,0,0,0,0,0,1,0,0,0,0,1,0,1,0,0,0,0,0,0,0
12,12,0,0,0,0,1,0,0,0,0.024803620869288,0.0219999998977992,0.0295425455884101,0.0354870108036016,100232.9843786247,100205.5691002169,100279.4031170814,100337.5935183855,0.0,0.0,0.0,1.18402789439579e-17,0,0,1,0,0,0,0,0,1,0,0,0,0,1,0,1,0,0,0,0,0,0,0
13,13,0,0,0,0,1,0,0,0,0.0255045429745959,0.0219999998977992,0.0295425455884101,0.0354870108036016,100239.8379716614,100205.5691002169,100279.4031170814,100337.5935183855,0.0,0.0,0.0,4.785732854893579e-18,0,0,1,0,0,0,0,0,1,0,0,0,0,1,0,1,0,0,0,0,0,0,0
14,14,0,0,0,0,1,0,0,0,0.0255045429745959,0.0219999998977992,0.0295425455884101,0.0354870108036016,100239.8379716614,100205.5691002169,100279.4031170814,100337.5935183855,0.0,0.0,0.0,4.785732854893579e-18,0,0,1,0,0,0,0,0,1,0,0,0,0,1,0,1,0,0,0,0,0,0,0
15,15,0,0,0,0,1,0,0,0,0.0262054709219554,0.0219999998977992,0.0295425455884101,0.0354870108036016,100246.6914824812,100205.5691002169,100279.4031170814,100337.5935183855,0.0,0.0,0.0,1.934349916870079e-18,0,0,1,0,0,0,0,0,1,0,0,0,0,1,0,1,0,0,0,0,0,0,0
16,16,0,0,0,0,1,0,0,0,0.0262054709219554,0.0219999998977992,0.0295425455884101,0.0354870108036016,100246.6914824812,100205.5691002169,100279.4031170814,100337.5935183855,0.0,0.0,0.0,1.934349916870079e-18,0,0,1,0,0,0,0,0,1,0,0,0,0,1,0,1,0,0,0,0,0,0,0
17,17,0,0,0,0,1,0,0,0,0.0269064043382277,0.0219999998977992,0.0295425455884101,0.0354870108036016,100253.5449152896,100205.5691002169,100279.4031170814,100337.5935183855,0.0,0.0,0.0,7.818524732301626e-19,0,0,1,0,0,0,0,0,1,0,0,0,0,1,0,1,0,0,0,0,0,0,0
18,18,0,0,0,0,1,0,0,0,0.0269064043382277,0.0219999998977992,0.0295425455884101,0.0354870108036016,100253.5449152896,100205.5691002169,100279.4031170814,100337.5935183855,0.0,0.0,0.0,7.818524732301626e-19,0,0,1,0,0,0,0,0,1,0,0,0,0,1,0,1,0,0,0,0,0,0,0
19,19,0,0,0,0,1,0,0,0,0.027607342881338,0.0219999998977992,0.0295425455884101,0.0354870108036016,100260.3982740232,100205.5691002169,100279.4031170814,100337.5935183855,0.0,0.0,0.0,3.160456416175607e-19,0,0,1,0,0,0,0,0,1,0,0,0,0,1,0,1,0,0,0,0,0,0,0
20,20,0,0,0,0,1,0,0,0,0.027607342881338,0.0219999998977992,0.0295425455884101,0.0354870108036016,100260.3982740232,100205.5691002169,100279.4031170814,100337.5935183855,0.0,0.0,0.0,3.160456416175607e-19,0,0,1,0,0,0,0,0,1,0,0,0,0,1,0,1,0,0,0,0,0,0,0
21,21,0,0,0,0,1,0,0,0,0.0283082862373252,0.0219999998977992,0.0295425455884101,0.0354870108036016,100267.251562372,100205.5691002169,100279.4031170814,100337.5935183855,0.0,0.0,0.0,1.2712242236194831e-19,0,0,1,0,0,0,0,0,1,0,0,0,0,1,0,1,0,0,0,0,0,0,0
22,22,0,0,0,0,1,0,0,0,0.0283082862373252,0.0219999998977992,0.0295425455884101,0.0354870108036016,100267.251562372,100205.5691002169,100279.4031170814,100337.5935183855,0.0,0.0,0.0,1.2712242236194831e-19,0,0,1,0,0,0,0,0,1,0,0,0,0,1,0,1,0,0,0,0,0,0,0
23,23,0,0,0,0,1,0,0,0,0.0290092341172324,0.0219999998977992,0.0295425455884101,0.0354870108036016,100274.1047837934,100205.5691002169,100279.4031170814,100337.5935183855,0.0,0.0,0.0,5.1381425852300464e-20,0,0,1,0,0,0,0,0,1,0,0,0,0,1,0,1,0,0,0,0,0,0,0
24,24,0,0,0,0,1,0,0,0,0.0290092341172324,0.0219999998977992,0.0295425455884101,0.0354870108036016,100274.1047837934,100205.5691002169,100279.4031170814,100337.5935183855,0.0,0.0,0.0,5.1381425852300464e-20,0,0,1,0,0,0,0,0,1,0,0,0,0,1,0,1,0,0,0,0,0,0,0
25,25,0,0,0,0,1,0,0,0,0.0290092341172324,0.0219999998977992,0.0295425455884101,0.0354870108036016,100274.1047837934,100205.5691002169,100279.4031170814,100337.5935183855,0.0,0.0,0.0,5.1381425852300464e-20,0,0,1,0,0,0,0,0,1,0,0,0,0,1,0,1,0,0,0,0,0,0,0
0,0,0,0,0,0,1,0,0,0,0.0290092341172324,0.0219999998977992,0.0295425455884101,0.0354870108036016,100274.1825305408,100205.5691022909,100279.4031191554,100337.5935183855,0.0,0.0,0.0,0.0,0,0,1,0,0,0,0,0,1,0,0,0,0,1,0,1,0,0,0,0,0,0,0
1,1,0,0,0,0,1,0,0,0,0.0290092341172324,0.0219999998977992,0.0295425455884101,0.0354870108036016,100274.1825284658,100205.5691002159,100279.4031170803,100337.5935183855,0.0,0.0,0.0,0.0,0,0,1,0,0,0,0,0,1,0,0,0,0,1,0,1,0,0,0,0,0,0,0
2,2,0,0,0,0,1,0,0,0,0.0290092341172324,0.0219999998977992,0.0295425455884101,0.0354870108036016,100274.1825284658,100205.5691002159,100279.4031170803,100337.5935183855,0.0,0.0,0.0,0.0,0,0,1,0,0,0,0,0,1,0,0,0,0,1,0,1,0,0,0,0,0,0,0
3,3,0,0,0,0,1,0,0,0,0.0297101272904661,0.0219999998977992,0.0295425455884101,0.0354870108036016,100281.4039461423,100205.5691002169,100279.4031170814,100337.5935183855,0.0,0.0,0.0,1.5676647387331993e-18,0,0,1,0,0,0,0,0,1,0,0,0,0,1,0,1,0,0,0,0,0,0,0
4,4,0,0,0,0,1,0,0,0,0.0297101272904661,0.0219999998977992,0.0295425455884101,0.0354870108036016,100281.4039461423,100205.5691002169,100279.4031170814,100337.5935183855,0.0,0.0,0.0,1.5676647387331993e-18,0,0,1,0,0,0,0,0,1,0,0,0,0,1,0,1,0,0,0,0,0,0,0
5,5,0,0,0,0,1,0,0,0,0.0304110269133618,0.0219999998977992,0.0295425455884101,0.0354870108036016,100287.8893794517,100205.5691002169,100279.4031170814,100337.5935183855,0.0,0.0,0.0,6.336525499041766e-19,0,0,1,0,0,0,0,0,1,0,0,0,0,1,0,1,0,0,0,0,0,0,0
6,6,0,0,0,0,1,0,0,0,0.0304110269133618,0.0219999998977992,0.0295425455884101,0.0354870108036016,100287.8893794517,100205.5691002169,100279.4031170814,100337.5935183855,0.0,0.0,0.0,6.336525499041766e-19,0,0,1,0,0,0,0,0,1,0,0,0,0,1,0,1,0,0,0,0,0,0,0
7,7,0,0,0,0,1,0,0,0,0.0311119325016662,0.0219999998977992,0.0295425455884101,0.0354870108036016,100294.7427096951,100205.5691002169,100279.4031170814,100337.5935183855,0.0,0.0,0.0,2.557876726633262e-19,0,0,1,0,0,0,0,0,1,0,0,0,0,1,0,1,0,0,0,0,0,0,0
8,8,0,0,0,0,1,0,0,0,0.0311119325016662,0.0219999998977992,0.0295425455884101,0.0354870108036016,100294.7427096951,100205.5691002169,100279.4031170814,100337.5935183855,0.0,0.0,0.0,2.557876726633262e-19,0,0,1,0,0,0,0,0,1,0,0,0,0,1,0,1,0,0,0,0,0,0,0
9,9,0,0,0,0,1,0,0,0,0.031812843721196,0.0219999998977992,0.0295425455884101,0.0354870108036016,100301.5959784415,100205.5691002169,100279.4031170814,100337.5935183855,0.0,0.0,0.0,1.033869958861683e-19,0,0,1,0,0,0,0,0,1,0,0,0,0,1,0,1,0,0,0,0,0,0,0
10,10,0,0,0,0,1,0,0,0,0.031812843721196,0.0219999998977992,0.0295425455884101,0.0354870108036016,100301.5959784415,100205.5691002169,100279.4031170814,100337.5935183855,0.0,0.0,0.0,1.033869958861683e-19,0,0,1,0,0,0,0,0,1,0,0,0,0,1,0,1,0,0,0,0,0,0,0
11,11,0,0,0,0,1,0,0,0,0.0325137602621641,0.0219999998977992,0.0295425455884101,0.0354870108036016,100308.4491884655,100205.5691002169,100279.4031170814,100337.5935183855,0.0,0.0,0.0,4.178798611438648e-20,0,0,1,0,0,0,0,0,1,0,0,0,0,1,0,1,0,0,0,0,0,0,0
12,12,0,0,0,0,1,0,0,0,0.0325137602621641,0.0219999998977992,0.0295425455884101,0.0354870108036016,100308.4491884655,100205.5691002169,100279.4031170814,100337.5935183855,0.0,0.0,0.0,4.178798611438648e-20,0,0,1,0,0,0,0,0,1,0,0,0,0,1,0,1,0,0,0,0,0,0,0
13,13,0,0,0,0,1,0,0,0,0.0330000001033,0.0219999998977992,0.0295425455884101,0.0354870108036016,100313.2033347782,100205.5691002169,100279.4031170814,100337.5935183855,0.0,0.0,0.0,2.225694177925748e-20,0,0,1,0,0,0,0,0,1,0,0,0,0,1,0,1,0,0,0,0,0,0,0
14,14,0,0,0,0,0,1,0,0,0.0330000001033,0.0219999998977992,0.0295425455884101,0.0354870108036016,100313.2033347782,100205.5691002169,100279.4031170814,100337.5935183855,0.0,0.0,0.0,2.225694177925748e-20,0,0,1,0,0,0,0,0,1,0,0,0,0,1,0,0,1,0,0,0,0,0,0
15,15,0,0,0,0,0,1,0,0,0.0330000001033,0.0220000001022,0.0295425455884101,0.0354870108036016,100313.2033347782,100205.5691022165,100279.4031170814,100337.5935183855,0.0,0.0,0.0,2.225693529006755e-20,0,0,1,0,0,0,0,0,1,0,0,0,0,1,0,0,1,0,0,0,0,0,0
16,16,0,0,0,0,0,1,0,0,0.0330000001033,0.0220000001022,0.0295425455884101,0.0354870108036016,100313.2033347782,100205.5691022165,100279.4031170814,100337.5935183855,0.0,0.0,0.0,2.225693529006755e-20,0,0,1,0,0,1,0,0,1,0,0,0,0,1,0,0,1,0,0,0,0,0,0
17,17,0,0,0,0,0,1,0,0,0.0330000001033,0.022214671735937,0.0295425455884101,0.0354870108036016,100313.2033347782,100207.7226918885,100279.4031170814,100337.5935183855,0.0,0.0,0.0,1.663335135365611e-20,0,0,1,0,0,1,0,0,1,0,0,0,0,1,0,0,1,0,0,0,0,0,0
18,18,0,0,0,0,0,1,0,0,0.0330000001033,0.022214671735937,0.0295425455884101,0.0354870108036016,100313.2033347782,100207.7226918885,100279.4031170814,100337.5935183855,0.0,0.0,0.0,1.663335135365611e-20,0,0,1,0,0,1,0,0,1,0,0,0,0,1,0,0,1,0,0,0,0,0,0
19,19,0,0,0,0,0,1,0,0,0.0330000001033,0.0229155683414117,0.0295425455884101,0.0354870108036016,100313.2033347782,100215.4673365785,100279.4031170814,100337.5935183855,0.0,0.0,0.0,6.680527589590442e-21,0,0,1,0,0,1,0,0,1,0,0,0,0,1,0,0,1,0,0,0,0,0,0
20,20,0,0,0,0,0,1,0,0,0.0330000001033,0.0229155683414117,0.0295425455884101,0.0354870108036016,100313.2033347782,100215.4673365785,100279.4031170814,100337.5935183855,0.0,0.0,0.0,6.680527589590442e-21,0,0,1,0,0,1,0,0,1,0,0,0,0,1,0,0,1,0,0,0,0,0,0
21,21,0,0,0,0,0,1,0,0,0.0330000001033,0.0236164725130304,0.0295425455884101,0.0354870108036016,100313.2033347782,100221.3761389634,100279.4031170814,100337.5935183855,0.0,0.0,0.0,2.683761657715002e-21,0,0,1,0,0,1,0,0,1,0,0,0,0,1,0,0,1,0,0,0,0,0,0
22,22,0,0,0,0,0,1,0,0,0.0330000001033,0.0236164725130304,0.0295425455884101,0.0354870108036016,100313.2033347782,100221.3761389634,100279.4031170814,100337.5935183855,0.0,0.0,0.0,2.683761657715002e-21,0,0,1,0,0,1,0,0,1,0,0,0,0,1,0,0,1,0,0,0,0,0,0
23,23,0,0,0,0,0,1,0,0,0.0330000001033,0.0243173837229674,0.0295425455884101,0.0354870108036016,100313.2033347782,100228.2298787883,100279.4031170814,100337.5935183855,0.0,0.0,0.0,1.078182307090757e-21,0,0,1,0,0,1,0,0,1,0,0,0,0,1,0,0,1,0,0,0,0,0,0
24,24,0,0,0,0,0,1,0,0,0.0330000001033,0.0243173837229674,0.0295425455884101,0.0354870108036016,100313.2033347782,100228.2298787883,100279.4031170814,100337.5935183855,0.0,0.0,0.0,1.078182307090757e-21,0,0,1,0,0,1,0,0,1,0,0,0,0,1,0,0,1,0,0,0,0,0,0
25,25,0,0,0,0,0,1,0,0,0.0330000001033,0.0250183014939629,0.0295425455884101,0.0354870108036016,100313.2033347782,100235.083528695,100279.4031170814,100337.5935183855,0.0,0.0,0.0,4.2018038904453154e-22,0,0,1,0,0,1,0,0,1,0,0,0,0,1,0,0,1,0,0,0,0,0,0
26,26,0,0,0,0,0,1,0,0,0.0330000001033,0.0250183014939629,0.0295425455884101,0.0354870108036016,100313.2033347782,100235.083528695,100279.4031170814,100337.5935183855,0.0,0.0,0.0,4.2018038904453154e-22,0,0,1,0,0,1,0,0,1,0,0,0,0,1,0,0,1,0,0,0,0,0,0
27,27,0,0,0,0,0,1,0,0,0.0330000001033,0.0250183014939629,0.0295425455884101,0.0354870108036016,100313.2033347782,100235.083528695,100279.4031170814,100337.5935183855,0.0,0.0,0.0,4.2018038904453154e-22,0,0,1,0,0,1,0,0,1,0,0,0,0,1,0,0,1,0,0,0,0,0,0
0,0,0,0,0,0,0,1,0,0,0.0330000001033,0.0250183014939629,0.0295425455884101,0.0354870108036016,100313.2481584076,100235.1152714617,100279.4031191554,100337.5935183855,0.0,0.0,0.0,0.0,0,0,1,0,0,1,0,0,1,0,0,0,0,1,0,0,1,0,0,0,0,0,0
1,1,0,0,0,0,0,1,0,0,0.0330000001033,0.0250183014939629,0.0295425455884101,0.0354870108036016,100313.2481563325,100235.1152693866,100279.4031170803,100337.5935183855,0.0,0.0,0.0,0.0,0,0,1,0,0,1,0,0,1,0,0,0,0,1,0,0,1,0,0,0,0,0,0
2,2,0,0,0,0,0,1,0,0,0.0330000001033,0.0250183014939629,0.0295425455884101,0.0354870108036016,100313.2481563325,100235.1152693866,100279.4031170803,100337.5935183855,0.0,0.0,0.0,0.0,0,0,1,0,0,1,0,0,1,0,0,0,0,1,0,0,1,0,0,0,0,0,0
3,3,0,0,0,0,0,1,0,0,0.0330000001033,0.0257191951403778,0.0295425455884101,0.0354870108036016,100313.2481563336,100242.4319759029,100279.4031170814,100337.5935183855,0.0,0.0,0.0,1.449243091500879e-16,0,0,1,0,0,1,0,0,1,0,0,0,0,1,0,0,1,0,0,0,0,0,0
4,4,0,0,0,0,0,1,0,0,0.0330000001033,0.0257191951403778,0.0295425455884101,0.0354870108036016,100313.2481563336,100242.4319759029,100279.4031170814,100337.5935183855,0.0,0.0,0.0,1.449243091500879e-16,0,0,1,0,0,1,0,0,1,0,0,0,0,1,0,0,1,0,0,0,0,0,0
5,5,0,0,0,0,0,1,0,0,0.0330000001033,0.0264200959589305,0.0295425455884101,0.0354870108036016,100313.2481563336,100248.8226014071,100279.4031170814,100337.5935183855,0.0,0.0,0.0,5.842764333916806e-17,0,0,1,0,0,1,0,0,1,0,0,0,0,1,0,0,1,0,0,0,0,0,0
6,6,0,0,0,0,0,1,0,0,0.0330000001033,0.0264200959589305,0.0295425455884101,0.0354870108036016,100313.2481563336,100248.8226014071,100279.4031170814,100337.5935183855,0.0,0.0,0.0,5.842764333916806e-17,0,0,1,0,0,1,0,0,1,0,0,0,0,1,0,0,1,0,0,0,0,0,0
7,7,0,0,0,0,0,1,0,0,0.0330000001033,0.0271210034040754,0.0295425455884101,0.0354870108036016,100313.2481563336,100255.6761873617,100279.4031170814,100337.5935183855,0.0,0.0,0.0,2.3615921185352e-17,0,0,1,0,0,1,0,0,1,0,0,0,0,1,0,0,1,0,0,0,0,0,0
8,8,0,0,0,0,0,1,0,0,0.0330000001033,0.0271210034040754,0.0295425455884101,0.0354870108036016,100313.2481563336,100255.6761873617,100279.4031170814,100337.5935183855,0.0,0.0,0.0,2.3615921185352e-17,0,0,1,0,0,1,0,0,1,0,0,0,0,1,0,0,1,0,0,0,0,0,0
9,9,0,0,0,0,0,1,0,0,0.0330000001033,0.0278219170423552,0.0295425455884101,0.0354870108036016,100313.2481563336,100262.5296708947,100279.4031170814,100337.5935183855,0.0,0.0,0.0,9.545339663840086e-18,0,0,1,0,0,1,0,0,1,0,0,0,0,1,0,0,1,0,0,0,0,0,0
10,10,0,0,0,0,0,1,0,0,0.0330000001033,0.0278219170423552,0.0295425455884101,0.0354870108036016,100313.2481563336,100262.5296708947,100279.4031170814,100337.5935183855,0.0,0.0,0.0,9.545339663840086e-18,0,0,1,0,0,1,0,0,1,0,0,0,0,1,0,0,1,0,0,0,0,0,0
11,11,0,0,0,0,0,1,0,0,0.0330000001033,0.0285228364952795,0.0295425455884101,0.0354870108036016,100313.2481563336,100269.3830817935,100279.4031170814,100337.5935183855,0.0,0.0,0.0,3.858125183314817e-18,0,0,1,0,0,1,0,0,1,0,0,0,0,1,0,0,1,0,0,0,0,0,0
12,12,0,0,0,0,0,1,0,0,0.0330000001033,0.0285228364952795,0.0295425455884101,0.0354870108036016,100313.2481563336,100269.3830817935,100279.4031170814,100337.5935183855,0.0,0.0,0.0,3.858125183314817e-18,0,0,1,0,0,1,0,0,1,0,0,0,0,1,0,0,1,0,0,0,0,0,0
13,13,0,0,0,0,0,1,0,0,0.0330000001033,0.0292237614146127,0.0295425455884101,0.0354870108036016,100313.2481563336,100276.2364234963,100279.4031170814,100337.5935183855,0.0,0.0,0.0,1.559420344649253e-18,0,0,1,0,0,1,0,0,1,0,0,0,0,1,0,0,1,0,0,0,0,0,0
14,14,0,0,0,0,0,1,0,0,0.0330000001033,0.0292237614146127,0.0295425455884101,0.0354870108036016,100313.2481563336,100276.2364234963,100279.4031170814,100337.5935183855,0.0,0.0,0.0,1.559420344649253e-18,0,0,1,0,0,1,0,0,1,0,0,0,0,1,0,0,1,0,0,0,0,0,0
15,15,0,0,0,0,0,1,0,0,0.0330000001033,0.0299246914794083,0.0295425455884101,0.0354870108036016,100313.2481563336,100283.0896992398,100279.4031170814,100337.5935183855,0.0,0.0,0.0,6.303035137366527e-19,0,0,1,0,0,1,0,0,1,0,0,0,0,1,0,0,1,0,0,0,0,0,0
16,16,0,0,0,0,0,1,0,0,0.0330000001033,0.0299246914794083,0.0295425455884101,0.0354870108036016,100313.2481563336,100283.0896992398,100279.4031170814,100337.5935183855,0.0,0.0,0.0,6.303035137366527e-19,0,0,1,0,0,1,0,0,1,0,0,0,0,1,0,0,1,0,0,0,0,0,0
17,17,0,0,0,0,0,1,0,0,0.0330000001033,0.0306256263933836,0.0295425455884101,0.0354870108036016,100313.2481563336,100289.9429120726,100279.4031170814,100337.5935183855,0.0,0.0,0.0,2.5476244892975224e-19,0,0,1,0,0,1,0,0,1,0,0,0,0,1,0,0,1,0,0,0,0,0,0
18,18,0,0,0,0,0,1,0,0,0.0330000001033,0.0306256263933836,0.0295425455884101,0.0354870108036016,100313.2481563336,100289.9429120726,100279.4031170814,100337.5935183855,0.0,0.0,0.0,2.5476244892975224e-19,0,0,1,0,0,1,0,0,1,0,0,0,0,1,0,0,1,0,0,0,0,0,0
19,19,0,0,0,0,0,1,0,0,0.0330000001033,0.0313265658825929,0.0295425455884101,0.0354870108036016,100313.2481563336,100296.7960648671,100279.4031170814,100337.5935183855,0.0,0.0,0.0,1.029753105335719e-19,0,0,1,0,0,1,0,0,1,0,0,0,0,1,0,0,1,0,0,0,0,0,0
20,20,0,0,0,0,0,1,0,0,0.0330000001033,0.0313265658825929,0.0295425455884101,0.0354870108036016,100313.2481563336,100296.7960648671,100279.4031170814,100337.5935183855,0.0,0.0,0.0,1.029753105335719e-19,0,0,1,0,0,1,0,0,1,0,0,0,0,1,0,0,1,0,0,0,0,0,0
21,21,0,0,0,0,0,1,0,0,0.0330000001033,0.0320275096933599,0.0295425455884101,0.0354870108036016,100313.2481563336,100303.6491603315,100279.4031170814,100337.5935183855,0.0,0.0,0.0,4.162308568189581e-20,0,0,1,0,0,1,0,0,1,0,0,0,0,1,0,0,1,0,0,0,0,0,0
22,22,0,0,0,0,0,1,0,0,0.0330000001033,0.0320275096933599,0.0295425455884101,0.0354870108036016,100313.2481563336,100303.6491603315,100279.4031170814,100337.5935183855,0.0,0.0,0.0,4.162308568189581e-20,0,0,1,0,0,1,0,0,1,0,0,0,0,1,0,0,1,0,0,0,0,0,0
23,23,0,0,0,0,0,1,0,0,0.0330000001033,0.0320275096933599,0.0295425455884101,0.0354870108036016,100313.2481563336,100303.6491603315,100279.4031170814,100337.5935183855,0.0,0.0,0.0,4.162308568189581e-20,0,0,1,0,0,1,0,0,1,0,0,0,0,1,0,0,1,0,0,0,0,0,0
0,0,0,0,0,0,0,1,0,0,0.0330000001033,0.0320275096933599,0.0295425455884101,0.0354870108036016,100313.2481584076,100303.7284450013,100279.4031191554,100337.5935183855,0.0,0.0,-0.0,0.0,0,0,1,0,0,1,0,0,1,0,0,0,0,1,0,0,1,0,0,0,0,0,0
1,1,0,0,0,0,0,1,0,0,0.0330000001033,0.0320275096933599,0.0295425455884101,0.0354870108036016,100313.2481563325,100303.7284429263,100279.4031170803,100337.5935183855,0.0,0.0,-0.0,0.0,0,0,1,0,0,1,0,0,1,0,0,0,0,1,0,0,1,0,0,0,0,0,0
2,2,0,0,0,0,0,1,0,0,0.0330000001033,0.0320275096933599,0.0295425455884101,0.0354870108036016,100313.2481563325,100303.7284429263,100279.4031170803,100337.5935183855,0.0,0.0,-0.0,0.0,0,0,1,0,0,1,0,0,1,0,0,0,0,1,0,0,1,0,0,0,0,0,0
3,3,0,0,0,0,0,1,0,0,0.0330000001033,0.0327284025714765,0.0295425455884101,0.0354870108036016,100313.2481563336,100310.8959843363,100279.4031170814,100337.5935183855,0.0,0.0,-0.0,1.278069773153067e-17,0,0,1,0,0,1,0,0,1,0,0,0,0,1,0,0,1,0,0,0,0,0,0
4,4,0,0,0,0,0,1,0,0,0.0330000001033,0.0327284025714765,0.0295425455884101,0.0354870108036016,100313.2481563336,100310.8959843363,100279.4031170814,100337.5935183855,0.0,0.0,-0.0,1.278069773153067e-17,0,0,1,0,0,1,0,0,1,0,0,0,0,1,0,0,1,0,0,0,0,0,0
5,5,0,0,0,0,0,1,0,0,0.0330000001033,0.0330000001033,0.0295425455884101,0.0354870108036016,100313.2481563336,100313.8346076655,100279.4031170814,100337.5935183855,0.0,0.0,-0.0,8.949893060000086e-18,0,0,1,0,0,1,0,0,1,0,0,0,0,1,0,0,1,0,0,0,0,0,0
6,6,0,0,0,0,0,0,1,0,0.0330000001033,0.0330000001033,0.0295425455884101,0.0354870108036016,100313.2481563336,100313.8346076655,100279.4031170814,100337.5935183855,0.0,0.0,-0.0,8.949893060000086e-18,0,0,1,0,0,1,0,0,1,0,0,0,0,1,0,0,0,1,0,0,0,0,0
7,7,0,0,0,0,0,0,1,0,0.0330000001033,0.0330000001033,0.0299718419724606,0.0354870108036016,100313.2481563336,100313.8346076655,100283.7365546346,100337.5935183855,0.0,0.0,-0.0,5.119480714541565e-18,0,0,1,0,0,1,0,0,1,0,0,0,0,1,0,0,0,1,0,0,0,0,0
8,8,0,0,0,0,0,0,1,0,0.0330000001033,0.0330000001033,0.0299718419724606,0.0354870108036016,100313.2481563336,100313.8346076655,100283.7365546346,100337.5935183855,0.0,0.0,-0.0,5.119480714541565e-18,0,0,1,0,0,1,0,0,1,0,0,0,0,1,0,0,0,1,0,0,0,0,0
9,9,0,0,0,0,0,0,1,0,0.0330000001033,0.0330000001033,0.0306727390733156,0.0354870108036016,100313.2481563336,100313.8346076655,100291.362508758,100337.5935183855,0.0,0.0,-0.0,2.06924758807744e-18,0,0,1,0,0,1,0,0,1,0,0,0,0,1,0,0,0,1,0,0,0,0,0
10,10,0,0,0,0,0,0,1,0,0.0330000001033,0.0330000001033,0.0306727390733156,0.0354870108036016,100313.2481563336,100313.8346076655,100291.362508758,100337.5935183855,0.0,0.0,-0.0,2.06924758807744e-18,0,0,1,0,0,1,0,0,1,0,0,0,0,1,0,0,0,1,0,0,0,0,0
11,11,0,0,0,0,0,0,1,0,0.0330000001033,0.0330000001033,0.0313736421964458,0.0354870108036016,100313.2481563336,100313.8346076655,100297.3075249377,100337.5935183855,0.0,0.0,-0.0,8.3636964880858665e-19,0,0,1,0,0,1,0,0,1,0,0,0,0,1,0,0,0,1,0,0,0,0,0
12,12,0,0,0,0,0,0,1,0,0.0330000001033,0.0330000001033,0.0313736421964458,0.0354870108036016,100313.2481563336,100313.8346076655,100297.3075249377,100337.5935183855,0.0,0.0,-0.0,8.3636964880858665e-19,0,0,1,0,0,1,0,0,1,0,0,0,0,1,0,0,0,1,0,0,0,0,0
13,13,0,0,0,0,0,0,1,0,0.0330000001033,0.0330000001033,0.0320745510065358,0.0354870108036016,100313.2481563336,100313.8346076655,100304.1608354906,100337.5935183855,0.0,0.0,-0.0,3.380639468528629e-19,0,0,1,0,0,1,0,0,1,0,0,0,0,1,0,0,0,1,0,0,0,0,0
14,14,0,0,0,0,0,0,1,0,0.0330000001033,0.0330000001033,0.0320745510065358,0.0354870108036016,100313.2481563336,100313.8346076655,100304.1608354906,100337.5935183855,0.0,0.0,-0.0,3.380639468528629e-19,0,0,1,0,0,1,0,0,1,0,0,0,0,1,0,0,0,1,0,0,0,0,0
15,15,0,0,0,0,0,0,1,0,0.0330000001033,0.0330000001033,0.032775465192736,0.0354870108036016,100313.2481563336,100313.8346076655,100311.0140433916,100337.5935183855,0.0,0.0,-0.0,1.357646787576668e-19,0,0,1,0,0,1,0,0,1,0,0,0,0,1,0,0,0,1,0,0,0,0,0
16,16,0,0,0,0,0,0,1,0,0.0330000001033,0.0330000001033,0.032775465192736,0.0354870108036016,100313.2481563336,100313.8346076655,100311.0140433916,100337.5935183855,0.0,0.0,-0.0,1.357646787576668e-19,0,0,1,0,0,1,0,0,1,0,0,0,0,1,0,0,0,1,0,0,0,0,0
17,17,0,0,0,0,0,0,1,0,0.0330000001033,0.0330000001033,0.0330000001033,0.0354870108036016,100313.2481563336,100313.8346076655,100313.2094147665,100337.5935183855,0.0,0.0,-0.0,1.007541051912138e-19,0,0,1,0,0,1,0,0,1,0,0,0,0,1,0,0,0,1,0,0,0,0,0
18,18,1,0,0,0,0,0,0,0,0.0330000001033,0.0330000001033,0.0330000001033,0.0354870108036016,101268.2585292486,100313.8346076655,100313.2094147665,100337.5935183855,4.607991156183352e-05,0.0459209934763428,-0.0459209934763428,1.007541051912138e-19,150,0,1,0,0,1,0,0,1,0,0,0,0,1,0,0,0,0,0,1,0,0,1
19,19,1,0,0,0,0,0,0,0,0.0330036717612744,0.0330000001033,0.0330000001033,0.0354897727512674,100313.2800138668,100313.8363596683,100313.2094147665,100337.6205240659,1.646774001119845e-05,0.0164109759390296,-0.0164109759390296,0.2921819367722517,150,0,1,0,0,1,0,0,1,0,0,0,0,1,0,0,0,0,0,1,0,0,1
20,20,1,0,0,0,0,0,0,0,0.0330036717612744,0.0330000001033,0.0330000001033,0.0354897727512674,100313.2800138668,100313.8363596683,100313.2094147665,100337.6205240659,1.646774001119845e-05,0.0164109759390296,-0.0164109759390296,0.2921819367722517,150,0,1,0,0,1,0,0,1,0,0,0,0,1,0,0,0,0,0,1,0,0,1
21,21,1,0,0,0,0,0,0,0,0.0329999998966999,0.0330000001033,0.0330000001033,0.0354939317855114,100249.5916085551,100313.8364929583,100313.2094147665,100337.6611901839,1.320081044013838e-05,0.0131553409669701,-0.0131553409669701,1.023677496319507,150,0,1,0,0,1,0,0,1,0,0,0,0,1,0,0,0,0,0,1,0,0,1
22,22,1,0,0,0,0,0,0,0,0.0329999998966999,0.0330000001033,0.0330000001033,0.0354939317855114,100249.5916085551,100313.8364929583,100313.2094147665,100337.6611901839,1.320081044013838e-05,0.0131553409669701,-0.0131553409669701,1.023677496319507,150,0,1,0,0,1,0,0,1,0,0,0,0,1,0,0,0,0,0,1,0,0,1
23,23,1,0,0,0,0,0,0,0,0.0313882099685524,0.0330000001033,0.0330000001033,0.0371127461383313,99116.78274280037,100313.8385359057,100313.2094147665,100353.493470302,5.810680637485309e-05,0.0579490391334921,-0.0579490391334921,82.9531175092507,150,0,1,0,0,1,0,0,1,0,0,0,0,1,0,0,0,0,0,1,0,0,1
24,24,1,0,0,0,0,0,0,0,0.0313882099685524,0.0330000001033,0.0330000001033,0.0371127461383313,99116.78274280037,100313.8385359057,100313.2094147665,100353.493470302,5.810680637485309e-05,0.0579490391334921,-0.0579490391334921,82.9531175092507,150,0,1,0,0,1,0,0,1,0,0,0,0,1,0,0,0,0,0,1,0,0,1
25,25,1,0,0,0,0,0,0,0,0.0259322008235855,0.0330000001033,0.0330000001033,0.0425793834616048,97445.6718274305,100313.8415019895,100313.2094147665,100406.9883448061,9.280191900109004e-05,0.0926215833949847,-0.0926215833949847,129.2377590097738,150,0,1,0,0,1,0,0,1,0,0,0,0,1,0,0,0,0,0,1,0,0,1
26,26,1,0,0,0,0,0,0,0,0.0259322008235855,0.0330000001033,0.0330000001033,0.0425793834616048,97445.6718274305,100313.8415019895,100313.2094147665,100406.9883448061,9.280191900109004e-05,0.0926215833949847,-0.0926215833949847,129.2377590097738,150,0,1,0,0,1,0,0,1,0,0,0,0,1,0,0,0,0,0,1,0,0,1
27,27,1,0,0,0,0,0,0,0,0.0219999998977997,0.0330000001033,0.0330000001033,0.0465112374916946,97498.45437063352,100313.8414072377,100313.2094147665,100445.4741830679,9.103618745655612e-05,0.0908687111714937,-0.0908687111714937,127.2071460172267,150,0,1,0,0,1,0,0,1,0,0,0,0,1,0,0,0,0,0,1,0,0,1
28,28,0,1,0,0,0,0,0,0,0.0219999998977997,0.0330000001033,0.0330000001033,0.0465112374916946,100205.5691022822,97500.38757740243,100313.2094147665,100445.4741830679,9.103618745655612e-05,0.0908687111714937,-0.0908687111714937,127.2071460172267,150,0,0,0,0,1,0,0,1,0,0,0,0,1,0,0,0,0,0,0,1,0,1
29,29,0,1,0,0,0,0,0,0,0.0219999998977997,0.0329999998966999,0.0330000001033,0.0465112376939902,100205.5691122614,97500.38824218804,100313.2094147665,100445.4741850481,9.103619036506831e-05,0.0908687140748935,-0.0908687140748935,127.2071459404907,150,0,0,0,0,1,0,0,1,0,0,0,0,1,0,0,0,0,0,0,1,0,1
30,30,0,1,0,0,0,0,0,0,0.0219999998977997,0.0329999998966999,0.0330000001033,0.0465112376939902,100205.5691122614,97500.38824218804,100313.2094147665,100445.4741850481,9.103619036506831e-05,0.0908687140748935,-0.0908687140748935,127.2071459404907,150,0,0,0,0,1,0,0,1,0,0,0,0,1,0,0,0,0,0,0,1,0,1
31,31,0,1,0,0,0,0,0,0,0.0219999998977997,0.0305370412946708,0.0330000001033,0.0489735523107321,100205.5691115318,97599.48297905068,100313.2094147665,100469.5769515365,9.075266696207516e-05,0.0905876934162589,-0.0905876934162589,126.436019296262,150,0,0,0,0,1,0,0,1,0,0,0,0,1,0,0,0,0,0,0,1,0,1
32,32,0,1,0,0,0,0,0,0,0.0219999998977997,0.0305370412946708,0.0330000001033,0.0489735523107321,100205.5691115318,97599.48297905068,100313.2094147665,100469.5769515365,9.075266696207516e-05,0.0905876934162589,-0.0905876934162589,126.436019296262,150,0,0,0,0,1,0,0,1,0,0,0,0,1,0,0,0,0,0,0,1,0,1
33,33,0,1,0,0,0,0,0,0,0.0219999998977997,0.0236319428671364,0.0330000001033,0.0558843342864815,100205.5691188441,96719.6948025812,100313.2094147665,100537.2255330326,0.0001047084716754,0.1045197934891278,-0.1045197934891278,144.7712354987196,150,0,0,0,0,1,0,0,1,0,0,0,0,1,0,0,0,0,0,0,1,0,1
34,34,0,1,0,0,0,0,0,0,0.0219999998977997,0.0236319428671364,0.0330000001033,0.0558843342864815,100205.5691188441,96719.6948025812,100313.2094147665,100537.2255330326,0.0001047084716754,0.1045197934891278,-0.1045197934891278,144.7712354987196,150,0,0,0,0,1,0,0,1,0,0,0,0,1,0,0,0,0,0,0,1,0,1
35,35,0,1,0,0,0,0,0,0,0.0219999998977997,0.0236319428671364,0.0330000001033,0.0558843342864815,100205.5691188441,96719.6948025812,100313.2094147665,100537.2255330326,0.0001047084716754,0.1045197934891278,-0.1045197934891278,144.7712354987196,150,0,0,0,0,1,0,0,1,0,0,0,0,1,0,0,0,0,0,0,1,0,1
