,mixer0.state_emptying_tank_B201.active,mixer0.state_emptying_tank_B202.active,mixer0.state_emptying_tank_B203.active,mixer0.state_emptying_tank_B204.active,mixer0.state_filling_tank_B201.active,mixer0.state_filling_tank_B202.active,mixer0.state_filling_tank_B203.active,mixer0.state_initialStep.active,mixer0.tank_B201.level,mixer0.tank_B202.level,mixer0.tank_B203.level,mixer0.tank_B204.level,mixer0.sensor_continuous_pressure_tank_B201.p,mixer0.sensor_continuous_pressure_tank_B202.p,mixer0.sensor_continuous_pressure_tank_B203.p,mixer0.sensor_continuous_pressure_tank_B204.p,mixer0.sensor_continuous_volumeFlowRate.V_flow,mixer0.sensor_continuous_volumeFlowRate.port_a.m_flow,mixer0.sensor_continuous_volumeFlowRate.port_b.m_flow,mixer0.pump_P101.N_in,mixer0.pump_n_in,mixer0.sensor_discrete_tank_B201_high.showActive,mixer0.sensor_discrete_tank_B201_low.showActive,mixer0.sensor_discrete_tank_B201_medium.showActive,mixer0.sensor_discrete_tank_B202_high.showActive,mixer0.sensor_discrete_tank_B202_low.showActive,mixer0.sensor_discrete_tank_B202_medium.showActive,mixer0.sensor_discrete_tank_B203_high.showActive,mixer0.sensor_discrete_tank_B203_low.showActive,mixer0.sensor_discrete_tank_B203_medium.showActive,mixer0.sensor_discrete_tank_B204_high.showActive,mixer0.sensor_discrete_tank_B204_low.showActive,mixer0.sensor_discrete_tank_B204_medium.showActive,mixer0.clogging_valve.opening,mixer0.leaking_valve.opening,mixer0.valve_in0.opening,mixer0.valve_in1.opening,mixer0.valve_in2.opening,mixer0.valve_out.opening,mixer0.valve_pump_tank_B201.opening,mixer0.valve_pump_tank_B202.opening,mixer0.valve_pump_tank_B203.opening,mixer0.valve_pump_tank_B204.opening
0,0,0,0,0,0,1,0,0,0.0330000001033001,0.02,0.02,0.02,100313.2481584076,100185.9910934541,100185.9910934541,100185.9910934541,0,0,0,0.0,0,0,1,0,0,0,0,0,0,0,0,0,0,1,0,0,0,0,0,0,0,0,0
1,0,0,0,0,0,1,0,0,0.0330000001033001,0.02,0.02,0.02,100313.2481563325,100185.9910913791,100185.9910913791,100185.9910934541,0,0,0,0.0,0,0,1,0,0,0,0,0,0,0,0,0,0,1,0,0,0,0,0,0,0,0,0
2,0,0,0,0,0,1,0,0,0.0330000001033001,0.02,0.02,0.02,100313.2481563325,100185.9910913791,100185.9910913791,100185.9910934541,0,0,0,0.0,0,0,1,0,0,0,0,0,0,0,0,0,0,1,0,0,0,0,0,0,0,0,0
3,0,0,0,0,0,1,0,0,0.0330000001033001,0.02,0.02,0.02,100313.2481563336,100185.9910913801,100185.9910913801,100185.9910934541,0,0,0,-3.6013118373853005e-17,0,0,1,0,0,0,0,0,0,0,0,0,0,1,0,0,0,0,0,0,0,0,0
4,0,0,0,0,0,1,0,0,0.0330000001033001,0.02,0.02,0.02,100313.2481563336,100185.9910913801,100185.9910913801,100185.9910934541,0,0,0,-3.6013118373853005e-17,0,0,1,0,0,0,0,0,0,0,0,0,0,1,0,0,0,0,0,0,0,0,0
5,0,0,0,0,0,1,0,0,0.0330000001033001,0.02,0.02,0.02,100313.2481563336,100185.9910913801,100185.9910913801,100185.9910934541,0,0,0,-1.518709566868075e-17,0,0,1,0,0,0,0,0,0,0,0,0,0,1,0,0,0,0,0,0,0,0,0
6,0,0,0,0,0,1,0,0,0.0330000001033001,0.02,0.02,0.02,100313.2481563336,100185.9910913801,100185.9910913801,100185.9910934541,0,0,0,-1.518709566868075e-17,0,0,1,0,0,0,0,0,0,0,0,0,0,1,0,0,0,0,0,0,0,0,0
7,0,0,0,0,0,1,0,0,0.0330000001033001,0.02,0.02,0.02,100313.2481563336,100185.9910913801,100185.9910913801,100185.9910934541,0,0,0,-6.4045510881842275e-18,0,0,1,0,0,0,0,0,0,0,0,0,0,1,0,0,0,0,0,0,0,0,0
8,0,0,0,0,0,1,0,0,0.0330000001033001,0.02,0.02,0.02,100313.2481563336,100185.9910913801,100185.9910913801,100185.9910934541,0,0,0,-6.4045510881842275e-18,0,0,1,0,0,0,0,0,0,0,0,0,0,1,0,0,0,0,0,0,0,0,0
9,0,0,0,0,0,1,0,0,0.0330000001033001,0.02,0.02,0.02,100313.2481563336,100185.9910913801,100185.9910913801,100185.9910934541,0,0,0,-2.700864586320155e-18,0,0,1,0,0,0,0,0,0,0,0,0,0,1,0,0,0,0,0,0,0,0,0
10,0,0,0,0,0,1,0,0,0.0330000001033001,0.02,0.02,0.02,100313.2481563336,100185.9910913801,100185.9910913801,100185.9910934541,0,0,0,-2.700864586320155e-18,0,0,1,0,0,0,0,0,0,0,0,0,0,1,0,0,0,0,0,0,0,0,0
11,0,0,0,0,0,1,0,0,0.0330000001033001,0.02,0.02,0.02,100313.2481563336,100185.9910913801,100185.9910913801,100185.9910934541,0,0,0,-1.138974131205899e-18,0,0,1,0,0,0,0,0,0,0,0,0,0,1,0,0,0,0,0,0,0,0,0
12,0,0,0,0,0,1,0,0,0.0330000001033001,0.02,0.02,0.02,100313.2481563336,100185.9910913801,100185.9910913801,100185.9910934541,0,0,0,-1.138974131205899e-18,0,0,1,0,0,0,0,0,0,0,0,0,0,1,0,0,0,0,0,0,0,0,0
13,0,0,0,0,0,1,0,0,0.0330000001033001,0.02,0.02,0.02,100313.2481563336,100185.9910913801,100185.9910913801,100185.9910934541,0,0,0,-4.803167859291258e-19,0,0,1,0,0,0,0,0,0,0,0,0,0,1,0,0,0,0,0,0,0,0,0
14,0,0,0,0,0,1,0,0,0.0330000001033001,0.02,0.02,0.02,100313.2481563336,100185.9910913801,100185.9910913801,100185.9910934541,0,0,0,-4.803167859291258e-19,0,0,1,0,0,0,0,0,0,0,0,0,0,1,0,0,0,0,0,0,0,0,0
15,0,0,0,0,0,1,0,0,0.0330000001033001,0.02,0.02,0.02,100313.2481563336,100185.9910913801,100185.9910913801,100185.9910934541,0,0,0,-2.0255126313898032e-19,0,0,1,0,0,0,0,0,0,0,0,0,0,1,0,0,0,0,0,0,0,0,0
16,0,0,0,0,0,1,0,0,0.0330000001033001,0.02,0.02,0.02,100313.2481563336,100185.9910913801,100185.9910913801,100185.9910934541,0,0,0,-2.0255126313898032e-19,0,0,1,0,0,0,0,0,0,0,0,0,0,1,0,0,0,0,0,0,0,0,0
17,0,0,0,0,0,1,0,0,0.0330000001033001,0.02,0.02,0.02,100313.2481563336,100185.9910913801,100185.9910913801,100185.9910934541,0,0,0,-8.542193348891714e-20,0,0,1,0,0,0,0,0,0,0,0,0,0,1,0,0,0,0,0,0,0,0,0
18,0,0,0,0,0,1,0,0,0.0330000001033001,0.02,0.02,0.02,100313.2481563336,100185.9910913801,100185.9910913801,100185.9910934541,0,0,0,-8.542193348891714e-20,0,0,1,0,0,0,0,0,0,0,0,0,0,1,0,0,0,0,0,0,0,0,0
19,0,0,0,0,0,1,0,0,0.0330000001033001,0.02,0.02,0.02,100313.2481563336,100185.9910913801,100185.9910913801,100185.9910934541,0,0,0,-3.6023324016148614e-20,0,0,1,0,0,0,0,0,0,0,0,0,0,1,0,0,0,0,0,0,0,0,0
20,0,0,0,0,0,1,0,0,0.0330000001033001,0.02,0.02,0.02,100313.2481563336,100185.9910913801,100185.9910913801,100185.9910934541,0,0,0,-3.6023324016148614e-20,0,0,1,0,0,0,0,0,0,0,0,0,0,1,0,0,0,0,0,0,0,0,0
21,0,0,0,0,0,1,0,0,0.0330000001033001,0.02,0.02,0.02,100313.2481563336,100185.9910913801,100185.9910913801,100185.9910934541,0,0,0,-1.51913863871619e-20,0,0,1,0,0,0,0,0,0,0,0,0,0,1,0,0,0,0,0,0,0,0,0
22,0,0,0,0,0,1,0,0,0.0330000001033001,0.02,0.02,0.02,100313.2481563336,100185.9910913801,100185.9910913801,100185.9910934541,0,0,0,-1.51913863871619e-20,0,0,1,0,0,0,0,0,0,0,0,0,0,1,0,0,0,0,0,0,0,0,0
23,0,0,0,0,0,1,0,0,0.0330000001033001,0.02,0.02,0.02,100313.2481563336,100185.9910913801,100185.9910913801,100185.9910934541,0,0,0,-6.406356920448156e-21,0,0,1,0,0,0,0,0,0,0,0,0,0,1,0,0,0,0,0,0,0,0,0
24,0,0,0,0,0,1,0,0,0.0330000001033001,0.02,0.02,0.02,100313.2481563336,100185.9910913801,100185.9910913801,100185.9910934541,0,0,0,-6.406356920448156e-21,0,0,1,0,0,0,0,0,0,0,0,0,0,1,0,0,0,0,0,0,0,0,0
25,0,0,0,0,0,1,0,0,0.0330000001033001,0.02,0.02,0.02,100313.2481563336,100185.9910913801,100185.9910913801,100185.9910934541,0,0,0,-2.701563324189113e-21,0,0,1,0,0,0,0,0,0,0,0,0,0,1,0,0,0,0,0,0,0,0,0
26,0,0,0,0,0,1,0,0,0.0330000001033001,0.02,0.02,0.02,100313.2481563336,100185.9910913801,100185.9910913801,100185.9910934541,0,0,0,-2.701563324189113e-21,0,0,1,0,0,0,0,0,0,0,0,0,0,1,0,0,0,0,0,0,0,0,0
27,0,0,0,0,0,1,0,0,0.0330000001033001,0.02,0.02,0.02,100313.2481563336,100185.9910913801,100185.9910913801,100185.9910934541,0,0,0,-1.1389129220284609e-21,0,0,1,0,0,0,0,0,0,0,0,0,0,1,0,0,0,0,0,0,0,0,0
28,0,0,0,0,0,1,0,0,0.0330000001033001,0.02,0.02,0.02,100313.2481563336,100185.9910913801,100185.9910913801,100185.9910934541,0,0,0,-1.1389129220284609e-21,0,0,1,0,0,0,0,0,0,0,0,0,0,1,0,0,0,0,0,0,0,0,0
29,0,0,0,0,0,1,0,0,0.0330000001033001,0.02,0.02,0.02,100313.2481563336,100185.9910913801,100185.9910913801,100185.9910934541,0,0,0,-4.801767275283216e-22,0,0,1,0,0,0,0,0,0,0,0,0,0,1,0,0,0,0,0,0,0,0,0
30,0,0,0,0,0,1,0,0,0.0330000001033001,0.02,0.02,0.02,100313.2481563336,100185.9910913801,100185.9910913801,100185.9910934541,0,0,0,-4.801767275283216e-22,0,0,1,0,0,0,0,0,0,0,0,0,0,1,0,0,0,0,0,0,0,0,0
31,0,0,0,0,0,1,0,0,0.0330000001033001,0.02,0.02,0.02,100313.2481563336,100185.9910913801,100185.9910913801,100185.9910934541,0,0,0,-2.0250330035096e-22,0,0,1,0,0,0,0,0,0,0,0,0,0,1,0,0,0,0,0,0,0,0,0
32,0,0,0,0,0,1,0,0,0.0330000001033001,0.02,0.02,0.02,100313.2481563336,100185.9910913801,100185.9910913801,100185.9910934541,0,0,0,-2.0250330035096e-22,0,0,1,0,0,0,0,0,0,0,0,0,0,1,0,0,0,0,0,0,0,0,0
33,0,0,0,0,0,1,0,0,0.0330000001033001,0.02,0.02,0.02,100313.2481563336,100185.9910913801,100185.9910913801,100185.9910934541,0,0,0,-8.540235048430674e-23,0,0,1,0,0,0,0,0,0,0,0,0,0,1,0,0,0,0,0,0,0,0,0
34,0,0,0,0,0,1,0,0,0.0330000001033001,0.02,0.02,0.02,100313.2481563336,100185.9910913801,100185.9910913801,100185.9910934541,0,0,0,-8.540235048430674e-23,0,0,1,0,0,0,0,0,0,0,0,0,0,1,0,0,0,0,0,0,0,0,0
35,0,0,0,0,0,1,0,0,0.0330000001033001,0.02,0.02,0.02,100313.2481563336,100185.9910913801,100185.9910913801,100185.9910934541,0,0,0,-3.685399551378838e-23,0,0,1,0,0,0,0,0,0,0,0,0,0,1,0,0,0,0,0,0,0,0,0
36,0,0,0,0,0,1,0,0,0.0330000001033001,0.02,0.02,0.02,100313.2481563336,100185.9910913801,100185.9910913801,100185.9910934541,0,0,0,-3.685399551378838e-23,0,0,1,0,0,0,0,0,0,0,0,0,0,1,0,0,0,0,0,0,0,0,0
37,0,0,0,0,0,1,0,0,0.0330000001033001,0.02,0.02,0.02,100313.2481563336,100185.9910913801,100185.9910913801,100185.9910934541,0,0,0,-1.5500996550830172e-23,0,0,1,0,0,0,0,0,0,0,0,0,0,1,0,0,0,0,0,0,0,0,0
38,0,0,0,0,0,1,0,0,0.0330000001033001,0.02,0.02,0.02,100313.2481563336,100185.9910913801,100185.9910913801,100185.9910934541,0,0,0,-1.5500996550830172e-23,0,0,1,0,0,0,0,0,0,0,0,0,0,1,0,0,0,0,0,0,0,0,0
39,0,0,0,0,0,1,0,0,0.0330000001033001,0.02,0.02,0.02,100313.2481563336,100185.9910913801,100185.9910913801,100185.9910934541,0,0,0,-6.636508909997053e-24,0,0,1,0,0,0,0,0,0,0,0,0,0,1,0,0,0,0,0,0,0,0,0
40,0,0,0,0,0,1,0,0,0.0330000001033001,0.02,0.02,0.02,100313.2481563336,100185.9910913801,100185.9910913801,100185.9910934541,0,0,0,-6.636508909997053e-24,0,0,1,0,0,0,0,0,0,0,0,0,0,1,0,0,0,0,0,0,0,0,0
41,0,0,0,0,0,1,0,0,0.0330000001033001,0.02,0.02,0.02,100313.2481563336,100185.9910913801,100185.9910913801,100185.9910934541,0,0,0,-2.1566317092596242e-24,0,0,1,0,0,0,0,0,0,0,0,0,0,1,0,0,0,0,0,0,0,0,0
42,0,0,0,0,0,1,0,0,0.0330000001033001,0.02,0.02,0.02,100313.2481563336,100185.9910913801,100185.9910913801,100185.9910934541,0,0,0,-2.1566317092596242e-24,0,0,1,0,0,0,0,0,0,0,0,0,0,1,0,0,0,0,0,0,0,0,0
43,0,0,0,0,0,1,0,0,0.0330000001033001,0.02,0.02,0.02,100313.2481563336,100185.9910913801,100185.9910913801,100185.9910934541,0,0,0,-8.682226337489237e-25,0,0,1,0,0,0,0,0,0,0,0,0,0,1,0,0,0,0,0,0,0,0,0
44,0,0,0,0,0,1,0,0,0.0330000001033001,0.02,0.02,0.02,100313.2481563336,100185.9910913801,100185.9910913801,100185.9910934541,0,0,0,-8.682226337489237e-25,0,0,1,0,0,0,0,0,0,0,0,0,0,1,0,0,0,0,0,0,0,0,0
45,0,0,0,0,0,1,0,0,0.0330000001033001,0.02,0.02,0.02,100313.2481563336,100185.9910913801,100185.9910913801,100185.9910934541,0,0,0,-2.455549770430344e-25,0,0,1,0,0,0,0,0,0,0,0,0,0,1,0,0,0,0,0,0,0,0,0
46,0,0,0,0,0,1,0,0,0.0330000001033001,0.02,0.02,0.02,100313.2481563336,100185.9910913801,100185.9910913801,100185.9910934541,0,0,0,-2.455549770430344e-25,0,0,1,0,0,0,0,0,0,0,0,0,0,1,0,0,0,0,0,0,0,0,0
47,0,0,0,0,0,1,0,0,0.0330000001033001,0.02,0.02,0.02,100313.2481563336,100185.9910913801,100185.9910913801,100185.9910934541,0,0,0,-1.279156830313181e-25,0,0,1,0,0,0,0,0,0,0,0,0,0,1,0,0,0,0,0,0,0,0,0
48,0,0,0,0,0,1,0,0,0.0330000001033001,0.02,0.02,0.02,100313.2481563336,100185.9910913801,100185.9910913801,100185.9910934541,0,0,0,-1.279156830313181e-25,0,0,1,0,0,0,0,0,0,0,0,0,0,1,0,0,0,0,0,0,0,0,0
49,0,0,0,0,0,1,0,0,0.0330000001033001,0.02,0.02,0.02,100313.2481563336,100185.9910913801,100185.9910913801,100185.9910934541,0,0,0,1.552106550892837e-24,0,0,1,0,0,0,0,0,0,0,0,0,0,1,0,0,0,0,0,0,0,0,0
50,0,0,0,0,0,1,0,0,0.0330000001033001,0.02,0.02,0.02,100313.2481563336,100185.9910913801,100185.9910913801,100185.9910934541,0,0,0,1.552106550892837e-24,0,0,1,0,0,0,0,0,0,0,0,0,0,1,0,0,0,0,0,0,0,0,0
51,0,0,0,0,0,1,0,0,0.0330000001033001,0.02,0.02,0.02,100313.2481563336,100185.9910913801,100185.9910913801,100185.9910934541,0,0,0,-2.718390503860825e-25,0,0,1,0,0,0,0,0,0,0,0,0,0,1,0,0,0,0,0,0,0,0,0
52,0,0,0,0,0,1,0,0,0.0330000001033001,0.02,0.02,0.02,100313.2481563336,100185.9910913801,100185.9910913801,100185.9910934541,0,0,0,-2.718390503860825e-25,0,0,1,0,0,0,0,0,0,0,0,0,0,1,0,0,0,0,0,0,0,0,0
53,0,0,0,0,0,1,0,0,0.0330000001033001,0.02,0.02,0.02,100313.2481563336,100185.9910913801,100185.9910913801,100185.9910934541,0,0,0,5.234902545231006e-25,0,0,1,0,0,0,0,0,0,0,0,0,0,1,0,0,0,0,0,0,0,0,0
54,0,0,0,0,0,1,0,0,0.0330000001033001,0.02,0.02,0.02,100313.2481563336,100185.9910913801,100185.9910913801,100185.9910934541,0,0,0,5.234902545231006e-25,0,0,1,0,0,0,0,0,0,0,0,0,0,1,0,0,0,0,0,0,0,0,0
55,0,0,0,0,0,1,0,0,0.0330000001033001,0.02,0.02,0.02,100313.2481563336,100185.9910913801,100185.9910913801,100185.9910934541,0,0,0,-4.5947396956776065e-25,0,0,1,0,0,0,0,0,0,0,0,0,0,1,0,0,0,0,0,0,0,0,0
56,0,0,0,0,0,1,0,0,0.0330000001033001,0.02,0.02,0.02,100313.2481563336,100185.9910913801,100185.9910913801,100185.9910934541,0,0,0,-4.5947396956776065e-25,0,0,1,0,0,0,0,0,0,0,0,0,0,1,0,0,0,0,0,0,0,0,0
57,0,0,0,0,0,1,0,0,0.0330000001033001,0.02,0.02,0.02,100313.2481563336,100185.9910913801,100185.9910913801,100185.9910934541,0,0,0,-6.927967432981675e-25,0,0,1,0,0,0,0,0,0,0,0,0,0,1,0,0,0,0,0,0,0,0,0
58,0,0,0,0,0,1,0,0,0.0330000001033001,0.02,0.02,0.02,100313.2481563336,100185.9910913801,100185.9910913801,100185.9910934541,0,0,0,-6.927967432981675e-25,0,0,1,0,0,0,0,0,0,0,0,0,0,1,0,0,0,0,0,0,0,0,0
59,0,0,0,0,0,1,0,0,0.0330000001033001,0.02,0.02,0.02,100313.2481563336,100185.9910913801,100185.9910913801,100185.9910934541,0,0,0,-2.863679577485099e-25,0,0,1,0,0,0,0,0,0,0,0,0,0,1,0,0,0,0,0,0,0,0,0
60,0,0,0,0,0,1,0,0,0.0330000001033001,0.02,0.02,0.02,100313.2481563336,100185.9910913801,100185.9910913801,100185.9910934541,0,0,0,-2.863679577485099e-25,0,0,1,0,0,0,0,0,0,0,0,0,0,1,0,0,0,0,0,0,0,0,0
61,0,0,0,0,0,1,0,0,0.0330000001033001,0.02,0.02,0.02,100313.2481563336,100185.9910913801,100185.9910913801,100185.9910934541,0,0,0,-2.773233969238223e-25,0,0,1,0,0,0,0,0,0,0,0,0,0,1,0,0,0,0,0,0,0,0,0
62,0,0,0,0,0,1,0,0,0.0330000001033001,0.02,0.02,0.02,100313.2481563336,100185.9910913801,100185.9910913801,100185.9910934541,0,0,0,-2.773233969238223e-25,0,0,1,0,0,0,0,0,0,0,0,0,0,1,0,0,0,0,0,0,0,0,0
63,0,0,0,0,0,1,0,0,0.0330000001033001,0.02,0.02,0.02,100313.2481563336,100185.9910913801,100185.9910913801,100185.9910934541,0,0,0,2.185261547538398e-24,0,0,1,0,0,0,0,0,0,0,0,0,0,1,0,0,0,0,0,0,0,0,0
64,0,0,0,0,0,1,0,0,0.0330000001033001,0.02,0.02,0.02,100313.2481563336,100185.9910913801,100185.9910913801,100185.9910934541,0,0,0,2.185261547538398e-24,0,0,1,0,0,0,0,0,0,0,0,0,0,1,0,0,0,0,0,0,0,0,0
65,0,0,0,0,0,1,0,0,0.0330000001033001,0.02,0.02,0.02,100313.2481563336,100185.9910913801,100185.9910913801,100185.9910934541,0,0,0,-1.1883007970265201e-24,0,0,1,0,0,0,0,0,0,0,0,0,0,1,0,0,0,0,0,0,0,0,0
66,0,0,0,0,0,1,0,0,0.0330000001033001,0.02,0.02,0.02,100313.2481563336,100185.9910913801,100185.9910913801,100185.9910934541,0,0,0,-1.1883007970265201e-24,0,0,1,0,0,0,0,0,0,0,0,0,0,1,0,0,0,0,0,0,0,0,0
67,0,0,0,0,0,1,0,0,0.0330000001033001,0.02,0.02,0.02,100313.2481563336,100185.9910913801,100185.9910913801,100185.9910934541,0,0,0,-7.145338855656323e-25,0,0,1,0,0,0,0,0,0,0,0,0,0,1,0,0,0,0,0,0,0,0,0
68,0,0,0,0,0,1,0,0,0.0330000001033001,0.02,0.02,0.02,100313.2481563336,100185.9910913801,100185.9910913801,100185.9910934541,0,0,0,-7.145338855656323e-25,0,0,1,0,0,0,0,0,0,0,0,0,0,1,0,0,0,0,0,0,0,0,0
69,0,0,0,0,0,1,0,0,0.0330000001033001,0.02,0.02,0.02,100313.2481563336,100185.9910913801,100185.9910913801,100185.9910934541,0,0,0,-3.1082246022359308e-25,0,0,1,0,0,0,0,0,0,0,0,0,0,1,0,0,0,0,0,0,0,0,0
70,0,0,0,0,0,1,0,0,0.0330000001033001,0.02,0.02,0.02,100313.2481563336,100185.9910913801,100185.9910913801,100185.9910934541,0,0,0,-3.1082246022359308e-25,0,0,1,0,0,0,0,0,0,0,0,0,0,1,0,0,0,0,0,0,0,0,0
71,0,0,0,0,0,1,0,0,0.0330000001033001,0.02,0.02,0.02,100313.2481563336,100185.9910913801,100185.9910913801,100185.9910934541,0,0,0,-2.356164342221005e-25,0,0,1,0,0,0,0,0,0,0,0,0,0,1,0,0,0,0,0,0,0,0,0
72,0,0,0,0,0,1,0,0,0.0330000001033001,0.02,0.02,0.02,100313.2481563336,100185.9910913801,100185.9910913801,100185.9910934541,0,0,0,-2.356164342221005e-25,0,0,1,0,0,0,0,0,0,0,0,0,0,1,0,0,0,0,0,0,0,0,0
73,0,0,0,0,0,1,0,0,0.0330000001033001,0.02,0.02,0.02,100313.2481563336,100185.9910913801,100185.9910913801,100185.9910934541,0,0,0,-5.157425792454631e-25,0,0,1,0,0,0,0,0,0,0,0,0,0,1,0,0,0,0,0,0,0,0,0
74,0,0,0,0,0,1,0,0,0.0330000001033001,0.02,0.02,0.02,100313.2481563336,100185.9910913801,100185.9910913801,100185.9910934541,0,0,0,-5.157425792454631e-25,0,0,1,0,0,0,0,0,0,0,0,0,0,1,0,0,0,0,0,0,0,0,0
75,0,0,0,0,0,1,0,0,0.0330000001033001,0.02,0.02,0.02,100313.2481563336,100185.9910913801,100185.9910913801,100185.9910934541,0,0,0,2.105170449931836e-25,0,0,1,0,0,0,0,0,0,0,0,0,0,1,0,0,0,0,0,0,0,0,0
76,0,0,0,0,0,1,0,0,0.0330000001033001,0.02,0.02,0.02,100313.2481563336,100185.9910913801,100185.9910913801,100185.9910934541,0,0,0,2.105170449931836e-25,0,0,1,0,0,0,0,0,0,0,0,0,0,1,0,0,0,0,0,0,0,0,0
77,0,0,0,0,0,1,0,0,0.0330000001033001,0.02,0.02,0.02,100313.2481563336,100185.9910913801,100185.9910913801,100185.9910934541,0,0,0,-5.8840850627524e-24,0,0,1,0,0,0,0,0,0,0,0,0,0,1,0,0,0,0,0,0,0,0,0
78,0,0,0,0,0,1,0,0,0.0330000001033001,0.02,0.02,0.02,100313.2481563336,100185.9910913801,100185.9910913801,100185.9910934541,0,0,0,-5.8840850627524e-24,0,0,1,0,0,0,0,0,0,0,0,0,0,1,0,0,0,0,0,0,0,0,0
79,0,0,0,0,0,1,0,0,0.0330000001033001,0.02,0.02,0.02,100313.2481563336,100185.9910913801,100185.9910913801,100185.9910934541,0,0,0,-2.557422063172615e-24,0,0,1,0,0,0,0,0,0,0,0,0,0,1,0,0,0,0,0,0,0,0,0
80,0,0,0,0,0,1,0,0,0.0330000001033001,0.02,0.02,0.02,100313.2481563336,100185.9910913801,100185.9910913801,100185.9910934541,0,0,0,-2.557422063172615e-24,0,0,1,0,0,0,0,0,0,0,0,0,0,1,0,0,0,0,0,0,0,0,0
81,0,0,0,0,0,1,0,0,0.0330000001033001,0.02,0.02,0.02,100313.2481563336,100185.9910913801,100185.9910913801,100185.9910934541,0,0,0,-1.23888925505965e-24,0,0,1,0,0,0,0,0,0,0,0,0,0,1,0,0,0,0,0,0,0,0,0
82,0,0,0,0,0,1,0,0,0.0330000001033001,0.02,0.02,0.02,100313.2481563336,100185.9910913801,100185.9910913801,100185.9910934541,0,0,0,-1.23888925505965e-24,0,0,1,0,0,0,0,0,0,0,0,0,0,1,0,0,0,0,0,0,0,0,0
83,0,0,0,0,0,1,0,0,0.0330000001033001,0.02,0.02,0.02,100313.2481563336,100185.9910913801,100185.9910913801,100185.9910934541,0,0,0,-6.0391249656062705e-25,0,0,1,0,0,0,0,0,0,0,0,0,0,1,0,0,0,0,0,0,0,0,0
84,0,0,0,0,0,1,0,0,0.0330000001033001,0.02,0.02,0.02,100313.2481563336,100185.9910913801,100185.9910913801,100185.9910934541,0,0,0,-6.0391249656062705e-25,0,0,1,0,0,0,0,0,0,0,0,0,0,1,0,0,0,0,0,0,0,0,0
85,0,0,0,0,0,1,0,0,0.0330000001033001,0.02,0.02,0.02,100313.2481563336,100185.9910913801,100185.9910913801,100185.9910934541,0,0,0,-3.150014884383209e-25,0,0,1,0,0,0,0,0,0,0,0,0,0,1,0,0,0,0,0,0,0,0,0
86,0,0,0,0,0,1,0,0,0.0330000001033001,0.02,0.02,0.02,100313.2481563336,100185.9910913801,100185.9910913801,100185.9910934541,0,0,0,-3.150014884383209e-25,0,0,1,0,0,0,0,0,0,0,0,0,0,1,0,0,0,0,0,0,0,0,0
87,0,0,0,0,0,1,0,0,0.0330000001033001,0.02,0.02,0.02,100313.2481563336,100185.9910913801,100185.9910913801,100185.9910934541,0,0,0,-1.332978224242429e-25,0,0,1,0,0,0,0,0,0,0,0,0,0,1,0,0,0,0,0,0,0,0,0
88,0,0,0,0,0,1,0,0,0.0330000001033001,0.02,0.02,0.02,100313.2481563336,100185.9910913801,100185.9910913801,100185.9910934541,0,0,0,-1.332978224242429e-25,0,0,1,0,0,0,0,0,0,0,0,0,0,1,0,0,0,0,0,0,0,0,0
89,0,0,0,0,0,1,0,0,0.0330000001033001,0.02,0.02,0.02,100313.2481563336,100185.9910913801,100185.9910913801,100185.9910934541,0,0,0,-1.2399792656198149e-25,0,0,1,0,0,0,0,0,0,0,0,0,0,1,0,0,0,0,0,0,0,0,0
90,0,0,0,0,0,1,0,0,0.0330000001033001,0.02,0.02,0.02,100313.2481563336,100185.9910913801,100185.9910913801,100185.9910934541,0,0,0,-1.2399792656198149e-25,0,0,1,0,0,0,0,0,0,0,0,0,0,1,0,0,0,0,0,0,0,0,0
91,0,0,0,0,0,1,0,0,0.0330000001033001,0.02,0.02,0.02,100313.2481563336,100185.9910913801,100185.9910913801,100185.9910934541,0,0,0,-8.26600328726385e-24,0,0,1,0,0,0,0,0,0,0,0,0,0,1,0,0,0,0,0,0,0,0,0
92,0,0,0,0,0,1,0,0,0.0330000001033001,0.02,0.02,0.02,100313.2481563336,100185.9910913801,100185.9910913801,100185.9910934541,0,0,0,-8.26600328726385e-24,0,0,1,0,0,0,0,0,0,0,0,0,0,1,0,0,0,0,0,0,0,0,0
93,0,0,0,0,0,1,0,0,0.0330000001033001,0.02,0.02,0.02,100313.2481563336,100185.9910913801,100185.9910913801,100185.9910934541,0,0,0,-3.440455684208343e-24,0,0,1,0,0,0,0,0,0,0,0,0,0,1,0,0,0,0,0,0,0,0,0
94,0,0,0,0,0,1,0,0,0.0330000001033001,0.02,0.02,0.02,100313.2481563336,100185.9910913801,100185.9910913801,100185.9910934541,0,0,0,-3.440455684208343e-24,0,0,1,0,0,0,0,0,0,0,0,0,0,1,0,0,0,0,0,0,0,0,0
95,0,0,0,0,0,1,0,0,0.0330000001033001,0.02,0.02,0.02,100313.2481563336,100185.9910913801,100185.9910913801,100185.9910934541,0,0,0,-3.040620563365805e-24,0,0,1,0,0,0,0,0,0,0,0,0,0,1,0,0,0,0,0,0,0,0,0
96,0,0,0,0,0,1,0,0,0.0330000001033001,0.02,0.02,0.02,100313.2481563336,100185.9910913801,100185.9910913801,100185.9910934541,0,0,0,-3.040620563365805e-24,0,0,1,0,0,0,0,0,0,0,0,0,0,1,0,0,0,0,0,0,0,0,0
97,0,0,0,0,0,1,0,0,0.0330000001033001,0.02,0.02,0.02,100313.2481563336,100185.9910913801,100185.9910913801,100185.9910934541,0,0,0,-1.2906484843981272e-24,0,0,1,0,0,0,0,0,0,0,0,0,0,1,0,0,0,0,0,0,0,0,0
98,0,0,0,0,0,1,0,0,0.0330000001033001,0.02,0.02,0.02,100313.2481563336,100185.9910913801,100185.9910913801,100185.9910934541,0,0,0,-1.2906484843981272e-24,0,0,1,0,0,0,0,0,0,0,0,0,0,1,0,0,0,0,0,0,0,0,0
99,0,0,0,0,0,1,0,0,0.0330000001033001,0.02,0.02,0.02,100313.2481563336,100185.9910913801,100185.9910913801,100185.9910934541,0,0,0,-2.641700864956098e-25,0,0,1,0,0,0,0,0,0,0,0,0,0,1,0,0,0,0,0,0,0,0,0
100,0,0,0,0,0,1,0,0,0.0330000001033001,0.02,0.02,0.02,100313.2481563336,100185.9910913801,100185.9910913801,100185.9910934541,0,0,0,-2.641700864956098e-25,0,0,1,0,0,0,0,0,0,0,0,0,0,1,0,0,0,0,0,0,0,0,0
101,0,0,0,0,0,1,0,0,0.0330000001033001,0.02,0.02,0.02,100313.2481563336,100185.9910913801,100185.9910913801,100185.9910934541,0,0,0,-1.280040655880601e-25,0,0,1,0,0,0,0,0,0,0,0,0,0,1,0,0,0,0,0,0,0,0,0
102,0,0,0,0,0,1,0,0,0.0330000001033001,0.02,0.02,0.02,100313.2481563336,100185.9910913801,100185.9910913801,100185.9910934541,0,0,0,-1.280040655880601e-25,0,0,1,0,0,0,0,0,0,0,0,0,0,1,0,0,0,0,0,0,0,0,0
103,0,0,0,0,0,1,0,0,0.0330000001033001,0.02,0.02,0.02,100313.2481563336,100185.9910913801,100185.9910913801,100185.9910934541,0,0,0,-2.808181100502927e-26,0,0,1,0,0,0,0,0,0,0,0,0,0,1,0,0,0,0,0,0,0,0,0
104,0,0,0,0,0,1,0,0,0.0330000001033001,0.02,0.02,0.02,100313.2481563336,100185.9910913801,100185.9910913801,100185.9910934541,0,0,0,-2.808181100502927e-26,0,0,1,0,0,0,0,0,0,0,0,0,0,1,0,0,0,0,0,0,0,0,0
105,0,0,0,0,0,1,0,0,0.0330000001033001,0.02,0.02,0.02,100313.2481563336,100185.9910913801,100185.9910913801,100185.9910934541,0,0,0,6.716302795328834e-25,0,0,1,0,0,0,0,0,0,0,0,0,0,1,0,0,0,0,0,0,0,0,0
106,0,0,0,0,0,1,0,0,0.0330000001033001,0.02,0.02,0.02,100313.2481563336,100185.9910913801,100185.9910913801,100185.9910934541,0,0,0,6.716302795328834e-25,0,0,1,0,0,0,0,0,0,0,0,0,0,1,0,0,0,0,0,0,0,0,0
107,0,0,0,0,0,1,0,0,0.0330000001033001,0.02,0.02,0.02,100313.2481563336,100185.9910913801,100185.9910913801,100185.9910934541,0,0,0,-1.139084094767885e-25,0,0,1,0,0,0,0,0,0,0,0,0,0,1,0,0,0,0,0,0,0,0,0
108,0,0,0,0,0,1,0,0,0.0330000001033001,0.02,0.02,0.02,100313.2481563336,100185.9910913801,100185.9910913801,100185.9910934541,0,0,0,-1.139084094767885e-25,0,0,1,0,0,0,0,0,0,0,0,0,0,1,0,0,0,0,0,0,0,0,0
109,0,0,0,0,0,1,0,0,0.0330000001033001,0.02,0.02,0.02,100313.2481563336,100185.9910913801,100185.9910913801,100185.9910934541,0,0,0,-4.327315554976007e-25,0,0,1,0,0,0,0,0,0,0,0,0,0,1,0,0,0,0,0,0,0,0,0
110,0,0,0,0,0,1,0,0,0.0330000001033001,0.02,0.02,0.02,100313.2481563336,100185.9910913801,100185.9910913801,100185.9910934541,0,0,0,-4.327315554976007e-25,0,0,1,0,0,0,0,0,0,0,0,0,0,1,0,0,0,0,0,0,0,0,0
111,0,0,0,0,0,1,0,0,0.0330000001033001,0.02,0.02,0.02,100313.2481563336,100185.9910913801,100185.9910913801,100185.9910934541,0,0,0,1.928866323402944e-24,0,0,1,0,0,0,0,0,0,0,0,0,0,1,0,0,0,0,0,0,0,0,0
112,0,0,0,0,0,1,0,0,0.0330000001033001,0.02,0.02,0.02,100313.2481563336,100185.9910913801,100185.9910913801,100185.9910934541,0,0,0,1.928866323402944e-24,0,0,1,0,0,0,0,0,0,0,0,0,0,1,0,0,0,0,0,0,0,0,0
113,0,0,0,0,0,1,0,0,0.0330000001033001,0.02,0.02,0.02,100313.2481563336,100185.9910913801,100185.9910913801,100185.9910934541,0,0,0,8.077348191833549e-25,0,0,1,0,0,0,0,0,0,0,0,0,0,1,0,0,0,0,0,0,0,0,0
114,0,0,0,0,0,1,0,0,0.0330000001033001,0.02,0.02,0.02,100313.2481563336,100185.9910913801,100185.9910913801,100185.9910934541,0,0,0,8.077348191833549e-25,0,0,1,0,0,0,0,0,0,0,0,0,0,1,0,0,0,0,0,0,0,0,0
115,0,0,0,0,0,1,0,0,0.0330000001033001,0.02,0.02,0.02,100313.2481563336,100185.9910913801,100185.9910913801,100185.9910934541,0,0,0,2.66300181412035e-25,0,0,1,0,0,0,0,0,0,0,0,0,0,1,0,0,0,0,0,0,0,0,0
116,0,0,0,0,0,1,0,0,0.0330000001033001,0.02,0.02,0.02,100313.2481563336,100185.9910913801,100185.9910913801,100185.9910934541,0,0,0,2.66300181412035e-25,0,0,1,0,0,0,0,0,0,0,0,0,0,1,0,0,0,0,0,0,0,0,0
117,0,0,0,0,0,1,0,0,0.0330000001033001,0.02,0.02,0.02,100313.2481563336,100185.9910913801,100185.9910913801,100185.9910934541,0,0,0,1.559930570978206e-25,0,0,1,0,0,0,0,0,0,0,0,0,0,1,0,0,0,0,0,0,0,0,0
118,0,0,0,0,0,1,0,0,0.0330000001033001,0.02,0.02,0.02,100313.2481563336,100185.9910913801,100185.9910913801,100185.9910934541,0,0,0,1.559930570978206e-25,0,0,1,0,0,0,0,0,0,0,0,0,0,1,0,0,0,0,0,0,0,0,0
119,0,0,0,0,0,1,0,0,0.0330000001033001,0.02,0.02,0.02,100313.2481563336,100185.9910913801,100185.9910913801,100185.9910934541,0,0,0,-8.291615298500446e-25,0,0,1,0,0,0,0,0,0,0,0,0,0,1,0,0,0,0,0,0,0,0,0
120,0,0,0,0,0,1,0,0,0.0330000001033001,0.02,0.02,0.02,100313.2481563336,100185.9910913801,100185.9910913801,100185.9910934541,0,0,0,-8.291615298500446e-25,0,0,1,0,0,0,0,0,0,0,0,0,0,1,0,0,0,0,0,0,0,0,0
121,0,0,0,0,0,1,0,0,0.0330000001033001,0.02,0.02,0.02,100313.2481563336,100185.9910913801,100185.9910913801,100185.9910934541,0,0,0,-3.5860187557674787e-25,0,0,1,0,0,0,0,0,0,0,0,0,0,1,0,0,0,0,0,0,0,0,0
122,0,0,0,0,0,1,0,0,0.0330000001033001,0.02,0.02,0.02,100313.2481563336,100185.9910913801,100185.9910913801,100185.9910934541,0,0,0,-3.5860187557674787e-25,0,0,1,0,0,0,0,0,0,0,0,0,0,1,0,0,0,0,0,0,0,0,0
123,0,0,0,0,0,1,0,0,0.0330000001033001,0.02,0.02,0.02,100313.2481563336,100185.9910913801,100185.9910913801,100185.9910934541,0,0,0,-2.169831690761466e-25,0,0,1,0,0,0,0,0,0,0,0,0,0,1,0,0,0,0,0,0,0,0,0
124,0,0,0,0,0,1,0,0,0.0330000001033001,0.02,0.02,0.02,100313.2481563336,100185.9910913801,100185.9910913801,100185.9910934541,0,0,0,-2.169831690761466e-25,0,0,1,0,0,0,0,0,0,0,0,0,0,1,0,0,0,0,0,0,0,0,0
125,0,0,0,0,0,1,0,0,0.0330000001033001,0.02,0.02,0.02,100313.2481563336,100185.9910913801,100185.9910913801,100185.9910934541,0,0,0,-1.253755062152475e-25,0,0,1,0,0,0,0,0,0,0,0,0,0,1,0,0,0,0,0,0,0,0,0
126,0,0,0,0,0,1,0,0,0.0330000001033001,0.02,0.02,0.02,100313.2481563336,100185.9910913801,100185.9910913801,100185.9910934541,0,0,0,-1.253755062152475e-25,0,0,1,0,0,0,0,0,0,0,0,0,0,1,0,0,0,0,0,0,0,0,0
127,0,0,0,0,0,1,0,0,0.0330000001033001,0.02,0.02,0.02,100313.2481563336,100185.9910913801,100185.9910913801,100185.9910934541,0,0,0,1.110676290762074e-24,0,0,1,0,0,0,0,0,0,0,0,0,0,1,0,0,0,0,0,0,0,0,0
128,0,0,0,0,0,1,0,0,0.0330000001033001,0.02,0.02,0.02,100313.2481563336,100185.9910913801,100185.9910913801,100185.9910934541,0,0,0,1.110676290762074e-24,0,0,1,0,0,0,0,0,0,0,0,0,0,1,0,0,0,0,0,0,0,0,0
129,0,0,0,0,0,1,0,0,0.0330000001033001,0.02,0.02,0.02,100313.2481563336,100185.9910913801,100185.9910913801,100185.9910934541,0,0,0,-1.8628238825429649e-25,0,0,1,0,0,0,0,0,0,0,0,0,0,1,0,0,0,0,0,0,0,0,0
130,0,0,0,0,0,1,0,0,0.0330000001033001,0.02,0.02,0.02,100313.2481563336,100185.9910913801,100185.9910913801,100185.9910934541,0,0,0,-1.8628238825429649e-25,0,0,1,0,0,0,0,0,0,0,0,0,0,1,0,0,0,0,0,0,0,0,0
131,0,0,0,0,0,1,0,0,0.0330000001033001,0.02,0.02,0.02,100313.2481563336,100185.9910913801,100185.9910913801,100185.9910934541,0,0,0,-7.644826237927675e-26,0,0,1,0,0,0,0,0,0,0,0,0,0,1,0,0,0,0,0,0,0,0,0
132,0,0,0,0,0,1,0,0,0.0330000001033001,0.02,0.02,0.02,100313.2481563336,100185.9910913801,100185.9910913801,100185.9910934541,0,0,0,-7.644826237927675e-26,0,0,1,0,0,0,0,0,0,0,0,0,0,1,0,0,0,0,0,0,0,0,0
133,0,0,0,0,0,1,0,0,0.0330000001033001,0.02,0.02,0.02,100313.2481563336,100185.9910913801,100185.9910913801,100185.9910934541,0,0,0,4.0980993377610502e-25,0,0,1,0,0,0,0,0,0,0,0,0,0,1,0,0,0,0,0,0,0,0,0
134,0,0,0,0,0,1,0,0,0.0330000001033001,0.02,0.02,0.02,100313.2481563336,100185.9910913801,100185.9910913801,100185.9910934541,0,0,0,4.0980993377610502e-25,0,0,1,0,0,0,0,0,0,0,0,0,0,1,0,0,0,0,0,0,0,0,0
135,0,0,0,0,0,1,0,0,0.0330000001033001,0.02,0.02,0.02,100313.2481563336,100185.9910913801,100185.9910913801,100185.9910934541,0,0,0,2.996501856751192e-25,0,0,1,0,0,0,0,0,0,0,0,0,0,1,0,0,0,0,0,0,0,0,0
136,0,0,0,0,0,1,0,0,0.0330000001033001,0.02,0.02,0.02,100313.2481563336,100185.9910913801,100185.9910913801,100185.9910934541,0,0,0,2.996501856751192e-25,0,0,1,0,0,0,0,0,0,0,0,0,0,1,0,0,0,0,0,0,0,0,0
137,0,0,0,0,0,1,0,0,0.0330000001033001,0.02,0.02,0.02,100313.2481563336,100185.9910913801,100185.9910913801,100185.9910934541,0,0,0,1.6473233012161979e-25,0,0,1,0,0,0,0,0,0,0,0,0,0,1,0,0,0,0,0,0,0,0,0
138,0,0,0,0,0,1,0,0,0.0330000001033001,0.02,0.02,0.02,100313.2481563336,100185.9910913801,100185.9910913801,100185.9910934541,0,0,0,1.6473233012161979e-25,0,0,1,0,0,0,0,0,0,0,0,0,0,1,0,0,0,0,0,0,0,0,0
139,0,0,0,0,0,1,0,0,0.0330000001033001,0.02,0.02,0.02,100313.2481563336,100185.9910913801,100185.9910913801,100185.9910934541,0,0,0,3.1776613617861158e-25,0,0,1,0,0,0,0,0,0,0,0,0,0,1,0,0,0,0,0,0,0,0,0
140,0,0,0,0,0,1,0,0,0.0330000001033001,0.02,0.02,0.02,100313.2481563336,100185.9910913801,100185.9910913801,100185.9910934541,0,0,0,3.1776613617861158e-25,0,0,1,0,0,0,0,0,0,0,0,0,0,1,0,0,0,0,0,0,0,0,0
141,0,0,0,0,0,1,0,0,0.0330000001033001,0.02,0.02,0.02,100313.2481563336,100185.9910913801,100185.9910913801,100185.9910934541,0,0,0,-1.988348658916774e-24,0,0,1,0,0,0,0,0,0,0,0,0,0,1,0,0,0,0,0,0,0,0,0
142,0,0,0,0,0,1,0,0,0.0330000001033001,0.02,0.02,0.02,100313.2481563336,100185.9910913801,100185.9910913801,100185.9910934541,0,0,0,-1.988348658916774e-24,0,0,1,0,0,0,0,0,0,0,0,0,0,1,0,0,0,0,0,0,0,0,0
143,0,0,0,0,0,1,0,0,0.0330000001033001,0.02,0.02,0.02,100313.2481563336,100185.9910913801,100185.9910913801,100185.9910934541,0,0,0,-6.081347574561476e-25,0,0,1,0,0,0,0,0,0,0,0,0,0,1,0,0,0,0,0,0,0,0,0
144,0,0,0,0,0,1,0,0,0.0330000001033001,0.02,0.02,0.02,100313.2481563336,100185.9910913801,100185.9910913801,100185.9910934541,0,0,0,-6.081347574561476e-25,0,0,1,0,0,0,0,0,0,0,0,0,0,1,0,0,0,0,0,0,0,0,0
145,0,0,0,0,0,1,0,0,0.0330000001033001,0.02,0.02,0.02,100313.2481563336,100185.9910913801,100185.9910913801,100185.9910934541,0,0,0,7.935990328105375e-25,0,0,1,0,0,0,0,0,0,0,0,0,0,1,0,0,0,0,0,0,0,0,0
146,0,0,0,0,0,1,0,0,0.0330000001033001,0.02,0.02,0.02,100313.2481563336,100185.9910913801,100185.9910913801,100185.9910934541,0,0,0,7.935990328105375e-25,0,0,1,0,0,0,0,0,0,0,0,0,0,1,0,0,0,0,0,0,0,0,0
147,0,0,0,0,0,1,0,0,0.0330000001033001,0.02,0.02,0.02,100313.2481563336,100185.9910913801,100185.9910913801,100185.9910934541,0,0,0,1.7351553537027878e-25,0,0,1,0,0,0,0,0,0,0,0,0,0,1,0,0,0,0,0,0,0,0,0
148,0,0,0,0,0,1,0,0,0.0330000001033001,0.02,0.02,0.02,100313.2481563336,100185.9910913801,100185.9910913801,100185.9910934541,0,0,0,1.7351553537027878e-25,0,0,1,0,0,0,0,0,0,0,0,0,0,1,0,0,0,0,0,0,0,0,0
149,0,0,0,0,0,1,0,0,0.0330000001033001,0.02,0.02,0.02,100313.2481563336,100185.9910913801,100185.9910913801,100185.9910934541,0,0,0,5.083460075201811e-26,0,0,1,0,0,0,0,0,0,0,0,0,0,1,0,0,0,0,0,0,0,0,0
150,0,0,0,0,0,1,0,0,0.0330000001033001,0.02,0.02,0.02,100313.2481563336,100185.9910913801,100185.9910913801,100185.9910934541,0,0,0,5.083460075201811e-26,0,0,1,0,0,0,0,0,0,0,0,0,0,1,0,0,0,0,0,0,0,0,0
151,0,0,0,0,0,1,0,0,0.0330000001033001,0.02,0.02,0.02,100313.2481563336,100185.9910913801,100185.9910913801,100185.9910934541,0,0,0,-1.367337234792729e-24,0,0,1,0,0,0,0,0,0,0,0,0,0,1,0,0,0,0,0,0,0,0,0
152,0,0,0,0,0,1,0,0,0.0330000001033001,0.02,0.02,0.02,100313.2481563336,100185.9910913801,100185.9910913801,100185.9910934541,0,0,0,-1.367337234792729e-24,0,0,1,0,0,0,0,0,0,0,0,0,0,1,0,0,0,0,0,0,0,0,0
153,0,0,0,0,0,1,0,0,0.0330000001033001,0.02,0.02,0.02,100313.2481563336,100185.9910913801,100185.9910913801,100185.9910934541,0,0,0,-1.894232185398154e-24,0,0,1,0,0,0,0,0,0,0,0,0,0,1,0,0,0,0,0,0,0,0,0
154,0,0,0,0,0,1,0,0,0.0330000001033001,0.02,0.02,0.02,100313.2481563336,100185.9910913801,100185.9910913801,100185.9910934541,0,0,0,-1.894232185398154e-24,0,0,1,0,0,0,0,0,0,0,0,0,0,1,0,0,0,0,0,0,0,0,0
155,0,0,0,0,0,1,0,0,0.0330000001033001,0.02,0.02,0.02,100313.2481563336,100185.9910913801,100185.9910913801,100185.9910934541,0,0,0,-4.147604419639044e-25,0,0,1,0,0,0,0,0,0,0,0,0,0,1,0,0,0,0,0,0,0,0,0
156,0,0,0,0,0,1,0,0,0.0330000001033001,0.02,0.02,0.02,100313.2481563336,100185.9910913801,100185.9910913801,100185.9910934541,0,0,0,-4.147604419639044e-25,0,0,1,0,0,0,0,0,0,0,0,0,0,1,0,0,0,0,0,0,0,0,0
157,0,0,0,0,0,1,0,0,0.0330000001033001,0.02,0.02,0.02,100313.2481563336,100185.9910913801,100185.9910913801,100185.9910934541,0,0,0,3.474403582799276e-25,0,0,1,0,0,0,0,0,0,0,0,0,0,1,0,0,0,0,0,0,0,0,0
158,0,0,0,0,0,1,0,0,0.0330000001033001,0.02,0.02,0.02,100313.2481563336,100185.9910913801,100185.9910913801,100185.9910934541,0,0,0,3.474403582799276e-25,0,0,1,0,0,0,0,0,0,0,0,0,0,1,0,0,0,0,0,0,0,0,0
159,0,0,0,0,0,1,0,0,0.0330000001033001,0.02,0.02,0.02,100313.2481563336,100185.9910913801,100185.9910913801,100185.9910934541,0,0,0,1.496031839814065e-24,0,0,1,0,0,0,0,0,0,0,0,0,0,1,0,0,0,0,0,0,0,0,0
160,0,0,0,0,0,1,0,0,0.0330000001033001,0.02,0.02,0.02,100313.2481563336,100185.9910913801,100185.9910913801,100185.9910934541,0,0,0,1.496031839814065e-24,0,0,1,0,0,0,0,0,0,0,0,0,0,1,0,0,0,0,0,0,0,0,0
161,0,0,0,0,0,1,0,0,0.0330000001033001,0.02,0.02,0.02,100313.2481563336,100185.9910913801,100185.9910913801,100185.9910934541,0,0,0,5.49026803721548e-25,0,0,1,0,0,0,0,0,0,0,0,0,0,1,0,0,0,0,0,0,0,0,0
162,0,0,0,0,0,1,0,0,0.0330000001033001,0.02,0.02,0.02,100313.2481563336,100185.9910913801,100185.9910913801,100185.9910934541,0,0,0,5.49026803721548e-25,0,0,1,0,0,0,0,0,0,0,0,0,0,1,0,0,0,0,0,0,0,0,0
163,0,0,0,0,0,1,0,0,0.0330000001033001,0.02,0.02,0.02,100313.2481563336,100185.9910913801,100185.9910913801,100185.9910934541,0,0,0,-5.9756004534676804e-24,0,0,1,0,0,0,0,0,0,0,0,0,0,1,0,0,0,0,0,0,0,0,0
164,0,0,0,0,0,1,0,0,0.0330000001033001,0.02,0.02,0.02,100313.2481563336,100185.9910913801,100185.9910913801,100185.9910934541,0,0,0,-5.9756004534676804e-24,0,0,1,0,0,0,0,0,0,0,0,0,0,1,0,0,0,0,0,0,0,0,0
165,0,0,0,0,0,1,0,0,0.0330000001033001,0.02,0.02,0.02,100313.2481563336,100185.9910913801,100185.9910913801,100185.9910934541,0,0,0,6.898936870945767e-25,0,0,1,0,0,0,0,0,0,0,0,0,0,1,0,0,0,0,0,0,0,0,0
166,0,0,0,0,0,1,0,0,0.0330000001033001,0.02,0.02,0.02,100313.2481563336,100185.9910913801,100185.9910913801,100185.9910934541,0,0,0,6.898936870945767e-25,0,0,1,0,0,0,0,0,0,0,0,0,0,1,0,0,0,0,0,0,0,0,0
167,0,0,0,0,0,1,0,0,0.0330000001033001,0.02,0.02,0.02,100313.2481563336,100185.9910913801,100185.9910913801,100185.9910934541,0,0,0,-2.797226186875219e-24,0,0,1,0,0,0,0,0,0,0,0,0,0,1,0,0,0,0,0,0,0,0,0
168,0,0,0,0,0,1,0,0,0.0330000001033001,0.02,0.02,0.02,100313.2481563336,100185.9910913801,100185.9910913801,100185.9910934541,0,0,0,-2.797226186875219e-24,0,0,1,0,0,0,0,0,0,0,0,0,0,1,0,0,0,0,0,0,0,0,0
169,0,0,0,0,0,1,0,0,0.0330000001033001,0.02,0.02,0.02,100313.2481563336,100185.9910913801,100185.9910913801,100185.9910934541,0,0,0,3.992067178442631e-24,0,0,1,0,0,0,0,0,0,0,0,0,0,1,0,0,0,0,0,0,0,0,0
170,0,0,0,0,0,1,0,0,0.0330000001033001,0.02,0.02,0.02,100313.2481563336,100185.9910913801,100185.9910913801,100185.9910934541,0,0,0,3.992067178442631e-24,0,0,1,0,0,0,0,0,0,0,0,0,0,1,0,0,0,0,0,0,0,0,0
171,0,0,0,0,0,1,0,0,0.0330000001033001,0.02,0.02,0.02,100313.2481563336,100185.9910913801,100185.9910913801,100185.9910934541,0,0,0,1.784219314706512e-24,0,0,1,0,0,0,0,0,0,0,0,0,0,1,0,0,0,0,0,0,0,0,0
172,0,0,0,0,0,1,0,0,0.0330000001033001,0.02,0.02,0.02,100313.2481563336,100185.9910913801,100185.9910913801,100185.9910934541,0,0,0,1.784219314706512e-24,0,0,1,0,0,0,0,0,0,0,0,0,0,1,0,0,0,0,0,0,0,0,0
173,0,0,0,0,0,1,0,0,0.0330000001033001,0.02,0.02,0.02,100313.2481563336,100185.9910913801,100185.9910913801,100185.9910934541,0,0,0,7.082827854467905e-25,0,0,1,0,0,0,0,0,0,0,0,0,0,1,0,0,0,0,0,0,0,0,0
174,0,0,0,0,0,1,0,0,0.0330000001033001,0.02,0.02,0.02,100313.2481563336,100185.9910913801,100185.9910913801,100185.9910934541,0,0,0,7.082827854467905e-25,0,0,1,0,0,0,0,0,0,0,0,0,0,1,0,0,0,0,0,0,0,0,0
175,0,0,0,0,0,1,0,0,0.0330000001033001,0.02,0.02,0.02,100313.2481563336,100185.9910913801,100185.9910913801,100185.9910934541,0,0,0,3.158626071907652e-25,0,0,1,0,0,0,0,0,0,0,0,0,0,1,0,0,0,0,0,0,0,0,0
176,0,0,0,0,0,1,0,0,0.0330000001033001,0.02,0.02,0.02,100313.2481563336,100185.9910913801,100185.9910913801,100185.9910934541,0,0,0,3.158626071907652e-25,0,0,1,0,0,0,0,0,0,0,0,0,0,1,0,0,0,0,0,0,0,0,0
177,0,0,0,0,0,1,0,0,0.0330000001033001,0.02,0.02,0.02,100313.2481563336,100185.9910913801,100185.9910913801,100185.9910934541,0,0,0,2.151547074821891e-25,0,0,1,0,0,0,0,0,0,0,0,0,0,1,0,0,0,0,0,0,0,0,0
178,0,0,0,0,0,1,0,0,0.0330000001033001,0.02,0.02,0.02,100313.2481563336,100185.9910913801,100185.9910913801,100185.9910934541,0,0,0,2.151547074821891e-25,0,0,1,0,0,0,0,0,0,0,0,0,0,1,0,0,0,0,0,0,0,0,0
179,0,0,0,0,0,1,0,0,0.0330000001033001,0.02,0.02,0.02,100313.2481563336,100185.9910913801,100185.9910913801,100185.9910934541,0,0,0,2.26280240874592e-25,0,0,1,0,0,0,0,0,0,0,0,0,0,1,0,0,0,0,0,0,0,0,0
180,0,0,0,0,0,1,0,0,0.0330000001033001,0.02,0.02,0.02,100313.2481563336,100185.9910913801,100185.9910913801,100185.9910934541,0,0,0,2.26280240874592e-25,0,0,1,0,0,0,0,0,0,0,0,0,0,1,0,0,0,0,0,0,0,0,0
181,0,0,0,0,0,1,0,0,0.0330000001033001,0.02,0.02,0.02,100313.2481563336,100185.9910913801,100185.9910913801,100185.9910934541,0,0,0,-2.036896245775095e-25,0,0,1,0,0,0,0,0,0,0,0,0,0,1,0,0,0,0,0,0,0,0,0
182,0,0,0,0,0,1,0,0,0.0330000001033001,0.02,0.02,0.02,100313.2481563336,100185.9910913801,100185.9910913801,100185.9910934541,0,0,0,-2.036896245775095e-25,0,0,1,0,0,0,0,0,0,0,0,0,0,1,0,0,0,0,0,0,0,0,0
183,0,0,0,0,0,1,0,0,0.0330000001033001,0.02,0.02,0.02,100313.2481563336,100185.9910913801,100185.9910913801,100185.9910934541,0,0,0,-6.0372106096168765e-27,0,0,1,0,0,0,0,0,0,0,0,0,0,1,0,0,0,0,0,0,0,0,0
184,0,0,0,0,0,1,0,0,0.0330000001033001,0.02,0.02,0.02,100313.2481563336,100185.9910913801,100185.9910913801,100185.9910934541,0,0,0,-6.0372106096168765e-27,0,0,1,0,0,0,0,0,0,0,0,0,0,1,0,0,0,0,0,0,0,0,0
185,0,0,0,0,0,1,0,0,0.0330000001033001,0.02,0.02,0.02,100313.2481563336,100185.9910913801,100185.9910913801,100185.9910934541,0,0,0,-1.541456829006521e-25,0,0,1,0,0,0,0,0,0,0,0,0,0,1,0,0,0,0,0,0,0,0,0
186,0,0,0,0,0,1,0,0,0.0330000001033001,0.02,0.02,0.02,100313.2481563336,100185.9910913801,100185.9910913801,100185.9910934541,0,0,0,-1.541456829006521e-25,0,0,1,0,0,0,0,0,0,0,0,0,0,1,0,0,0,0,0,0,0,0,0
187,0,0,0,0,0,1,0,0,0.0330000001033001,0.02,0.02,0.02,100313.2481563336,100185.9910913801,100185.9910913801,100185.9910934541,0,0,0,-1.364995471174472e-25,0,0,1,0,0,0,0,0,0,0,0,0,0,1,0,0,0,0,0,0,0,0,0
188,0,0,0,0,0,1,0,0,0.0330000001033001,0.02,0.02,0.02,100313.2481563336,100185.9910913801,100185.9910913801,100185.9910934541,0,0,0,-1.364995471174472e-25,0,0,1,0,0,0,0,0,0,0,0,0,0,1,0,0,0,0,0,0,0,0,0
189,0,0,0,0,0,1,0,0,0.0330000001033001,0.02,0.02,0.02,100313.2481563336,100185.9910913801,100185.9910913801,100185.9910934541,0,0,0,5.428756506123212e-25,0,0,1,0,0,0,0,0,0,0,0,0,0,1,0,0,0,0,0,0,0,0,0
190,0,0,0,0,0,1,0,0,0.0330000001033001,0.02,0.02,0.02,100313.2481563336,100185.9910913801,100185.9910913801,100185.9910934541,0,0,0,5.428756506123212e-25,0,0,1,0,0,0,0,0,0,0,0,0,0,1,0,0,0,0,0,0,0,0,0
191,0,0,0,0,0,1,0,0,0.0330000001033001,0.02,0.02,0.02,100313.2481563336,100185.9910913801,100185.9910913801,100185.9910934541,0,0,0,7.980546815946267e-25,0,0,1,0,0,0,0,0,0,0,0,0,0,1,0,0,0,0,0,0,0,0,0
192,0,0,0,0,0,1,0,0,0.0330000001033001,0.02,0.02,0.02,100313.2481563336,100185.9910913801,100185.9910913801,100185.9910934541,0,0,0,7.980546815946267e-25,0,0,1,0,0,0,0,0,0,0,0,0,0,1,0,0,0,0,0,0,0,0,0
193,0,0,0,0,0,1,0,0,0.0330000001033001,0.02,0.02,0.02,100313.2481563336,100185.9910913801,100185.9910913801,100185.9910934541,0,0,0,1.296697900499754e-25,0,0,1,0,0,0,0,0,0,0,0,0,0,1,0,0,0,0,0,0,0,0,0
194,0,0,0,0,0,1,0,0,0.0330000001033001,0.02,0.02,0.02,100313.2481563336,100185.9910913801,100185.9910913801,100185.9910934541,0,0,0,1.296697900499754e-25,0,0,1,0,0,0,0,0,0,0,0,0,0,1,0,0,0,0,0,0,0,0,0
195,0,0,0,0,0,1,0,0,0.0330000001033001,0.02,0.02,0.02,100313.2481563336,100185.9910913801,100185.9910913801,100185.9910934541,0,0,0,3.918099849535949e-26,0,0,1,0,0,0,0,0,0,0,0,0,0,1,0,0,0,0,0,0,0,0,0
196,0,0,0,0,0,1,0,0,0.0330000001033001,0.02,0.02,0.02,100313.2481563336,100185.9910913801,100185.9910913801,100185.9910934541,0,0,0,3.918099849535949e-26,0,0,1,0,0,0,0,0,0,0,0,0,0,1,0,0,0,0,0,0,0,0,0
197,0,0,0,0,0,1,0,0,0.0330000001033001,0.02,0.02,0.02,100313.2481563336,100185.9910913801,100185.9910913801,100185.9910934541,0,0,0,-2.229041625826419e-27,0,0,1,0,0,0,0,0,0,0,0,0,0,1,0,0,0,0,0,0,0,0,0
198,0,0,0,0,0,1,0,0,0.0330000001033001,0.02,0.02,0.02,100313.2481563336,100185.9910913801,100185.9910913801,100185.9910934541,0,0,0,-2.229041625826419e-27,0,0,1,0,0,0,0,0,0,0,0,0,0,1,0,0,0,0,0,0,0,0,0
199,0,0,0,0,0,1,0,0,0.0330000001033001,0.02,0.02,0.02,100313.2481563336,100185.9910913801,100185.9910913801,100185.9910934541,0,0,0,7.098073754953656e-25,0,0,1,0,0,0,0,0,0,0,0,0,0,1,0,0,0,0,0,0,0,0,0
200,0,0,0,0,0,1,0,0,0.0330000001033001,0.02,0.02,0.02,100313.2481563336,100185.9910913801,100185.9910913801,100185.9910934541,0,0,0,7.098073754953656e-25,0,0,1,0,0,0,0,0,0,0,0,0,0,1,0,0,0,0,0,0,0,0,0
201,0,0,0,0,0,1,0,0,0.0330000001033001,0.02,0.02,0.02,100313.2481563336,100185.9910913801,100185.9910913801,100185.9910934541,0,0,0,1.103001458029153e-23,0,0,1,0,0,0,0,0,0,0,0,0,0,1,0,0,0,0,0,0,0,0,0
202,0,0,0,0,0,1,0,0,0.0330000001033001,0.02,0.02,0.02,100313.2481563336,100185.9910913801,100185.9910913801,100185.9910934541,0,0,0,1.103001458029153e-23,0,0,1,0,0,0,0,0,0,0,0,0,0,1,0,0,0,0,0,0,0,0,0
203,0,0,0,0,0,1,0,0,0.0330000001033001,0.02,0.02,0.02,100313.2481563336,100185.9910913801,100185.9910913801,100185.9910934541,0,0,0,1.103001458029153e-23,0,0,1,0,0,0,0,0,0,0,0,0,0,1,0,0,0,0,0,0,0,0,0
